temperature,humidity,wind_speed,precipitation,pressure,activity,risk_level
26.0,73.2,14.3,1.03,1004.7,1,1
20.9,83.9,3.8,0.48,1028.3,1,1
27.2,36.9,11.1,2.06,1013.4,0,1
34.2,83.0,46.7,0.24,1020.6,0,2
20.1,48.0,6.1,0.75,1007.2,2,0
20.1,42.6,15.8,0.02,1013.1,2,0
34.6,23.3,22.9,0.79,1024.2,0,2
28.1,23.4,28.2,0.07,1014.0,1,1
18.2,65.0,25.8,4.57,1014.1,1,2
26.3,49.8,10.5,1.88,1001.1,0,1
18.3,34.7,7.5,0.81,1019.3,2,0
18.3,59.9,49.2,0.11,1006.7,1,2
23.9,36.4,30.1,1.08,1022.0,2,1
6.7,57.5,17.0,1.71,1014.6,1,2
8.2,43.3,40.9,0.25,1015.3,2,2
17.5,73.5,4.7,1.01,1019.2,1,1
13.9,73.3,1.4,2.02,1016.0,2,1
24.5,51.0,18.0,1.75,1026.7,2,1
14.7,42.8,18.7,1.95,1025.5,2,1
10.7,43.6,4.3,2.54,1003.3,0,1
33.7,72.4,29.3,3.33,1011.6,2,2
20.2,41.3,2.2,0.62,1019.7,0,0
22.5,33.6,21.0,1.01,1005.5,0,1
10.6,25.5,24.6,1.88,1000.5,2,1
17.6,50.3,17.9,1.43,1006.9,0,1
22.9,51.3,3.7,6.49,1012.1,0,2
12.8,74.7,36.4,0.02,980.5,0,2
25.0,34.4,10.8,0.53,1004.1,1,1
17.2,44.8,10.8,0.4,998.8,2,0
19.7,72.5,9.1,0.37,1022.2,0,0
17.2,73.5,26.5,0.3,1020.5,2,0
36.8,45.0,10.3,1.48,1015.2,0,2
21.9,49.8,5.6,0.11,1013.8,2,0
13.5,39.7,31.7,1.62,1017.4,0,1
28.6,80.6,15.5,1.42,1005.0,1,1
12.2,27.7,32.5,0.35,1023.0,1,2
23.7,80.7,16.4,0.35,1013.7,1,1
6.3,64.5,8.6,1.19,1020.3,0,1
11.4,54.6,2.7,1.72,1020.0,2,1
23.6,22.1,18.1,2.51,1017.3,0,1
27.9,50.9,12.6,2.29,1015.5,1,2
23.4,46.5,27.2,4.02,1014.9,0,2
21.1,30.5,9.9,1.04,1012.5,2,0
19.6,62.7,21.5,2.87,1016.9,1,2
10.2,83.1,15.9,1.98,1014.6,0,1
16.2,56.5,7.9,2.7,1009.1,2,1
18.3,66.5,10.6,0.01,1017.9,1,0
30.5,24.4,4.6,4.05,1015.2,2,2
24.7,47.1,51.5,0.77,1022.7,2,2
7.9,27.6,21.1,1.92,998.5,1,2
24.6,59.8,4.3,0.16,1013.3,0,0
18.9,81.0,49.8,0.6,1007.2,0,2
16.6,63.0,6.1,0.38,1008.9,0,0
26.9,25.0,9.8,0.41,1017.5,0,0
30.2,43.1,13.3,0.16,1001.5,2,1
29.5,55.8,16.2,1.97,1014.1,0,1
15.3,46.2,26.7,0.01,1013.2,0,1
19.5,74.2,2.0,0.45,1004.6,2,0
24.7,73.0,16.4,0.23,1014.3,2,0
29.8,59.8,12.8,1.07,1006.9,1,1
18.2,44.3,18.3,0.35,1030.6,2,0
20.5,36.6,12.3,0.36,1022.6,1,1
13.1,26.9,11.0,0.8,1013.5,1,1
12.4,43.1,14.6,1.27,1009.5,0,1
28.5,46.9,48.0,0.16,1017.0,0,2
32.8,63.9,11.2,0.23,1019.1,0,1
21.4,62.8,35.3,0.34,1015.0,2,1
30.0,24.6,17.8,4.37,1004.9,2,2
24.9,45.7,17.1,0.61,1011.3,0,0
16.8,31.8,18.5,1.1,1013.6,0,1
24.9,30.2,22.8,0.33,1015.3,2,0
34.3,73.8,11.9,0.81,1015.5,1,2
21.7,22.7,33.6,0.09,1018.8,1,2
34.5,47.2,22.9,0.04,1023.7,0,2
1.0,30.9,5.0,0.76,1021.1,0,2
28.6,77.2,1.4,0.61,1017.7,0,1
22.7,56.2,47.0,0.18,1002.9,1,2
19.6,35.0,18.9,1.4,1022.5,0,1
22.7,52.7,4.4,5.94,1019.6,1,2
6.1,67.5,11.2,0.6,1011.0,2,2
20.2,82.3,30.1,1.18,1013.2,2,1
24.9,34.3,13.9,3.96,1013.5,2,1
33.8,77.6,14.9,2.14,1009.5,0,2
17.9,80.7,26.3,0.75,999.0,2,0
15.5,79.6,20.2,1.6,1004.1,1,1
18.0,61.3,24.1,0.16,1005.7,1,1
29.3,60.9,26.1,0.86,997.3,1,1
24.6,46.2,8.8,0.39,1004.1,0,0
17.8,68.9,9.5,0.21,1022.1,0,0
26.1,54.5,7.9,0.67,1016.9,1,1
22.8,64.0,10.0,0.17,1005.2,1,0
29.7,47.8,14.5,1.44,1007.5,1,1
16.4,67.5,15.3,0.73,1022.8,1,1
19.4,73.6,40.1,0.91,1022.6,2,1
18.9,29.5,19.5,0.19,1013.6,1,1
10.3,74.1,14.7,0.18,1022.4,0,1
24.4,55.1,6.4,1.05,1006.9,0,1
24.1,74.9,12.5,5.04,1014.8,0,2
22.0,48.0,49.4,0.12,1001.2,0,2
20.1,44.6,48.9,0.4,1010.1,0,2
10.7,79.5,12.4,2.44,1013.2,1,2
18.6,36.3,3.1,0.09,999.5,1,0
19.3,74.9,11.1,2.5,1017.7,2,1
15.6,51.5,40.4,0.89,1019.1,2,1
20.7,53.4,14.5,0.63,1021.1,2,0
25.2,40.1,26.3,0.44,1031.7,1,1
37.1,57.2,15.9,0.42,1016.3,2,2
23.4,41.1,4.1,0.44,1012.5,1,1
24.1,22.6,16.3,2.59,1000.2,0,1
21.4,37.7,28.8,1.54,1016.1,1,1
6.6,20.4,9.8,1.33,1017.5,1,2
21.8,83.6,28.3,1.92,1002.2,0,1
22.5,82.8,17.1,0.36,1011.1,0,0
41.7,45.7,27.3,1.15,1013.1,0,2
20.5,67.3,20.4,0.74,1017.2,2,0
24.4,42.5,6.8,1.83,1019.8,2,1
21.7,63.6,12.6,0.44,1008.7,2,0
12.7,72.4,12.3,1.24,1014.6,0,1
31.1,81.5,9.4,2.57,1017.6,2,1
28.0,46.0,19.3,0.62,1011.5,0,1
28.3,70.9,55.2,0.08,1009.6,0,2
14.7,37.3,33.7,0.87,1018.7,0,1
33.2,84.4,36.7,0.51,1011.6,2,2
10.8,21.7,9.0,1.34,1003.4,2,1
26.7,59.2,37.1,3.62,1024.0,0,2
39.5,62.9,45.5,0.8,1004.3,2,2
14.1,64.7,8.7,0.75,1012.2,1,1
17.5,27.8,22.1,1.28,1015.6,2,1
22.8,81.0,22.5,0.13,1016.6,0,1
18.0,31.8,13.3,0.35,1014.4,0,0
9.6,60.5,18.2,3.02,989.5,0,2
22.5,34.5,23.3,1.33,1007.4,1,1
13.5,40.0,14.1,0.02,1015.4,0,0
25.8,55.5,32.6,0.27,1012.1,0,1
14.6,47.1,5.1,1.38,1017.1,2,1
34.4,30.4,12.2,1.73,1021.2,1,2
15.7,31.1,26.7,2.2,1017.1,2,1
19.4,47.2,51.5,0.41,1007.2,0,2
28.5,69.2,34.0,3.21,1008.7,0,1
12.2,78.4,17.9,0.97,1026.1,1,1
23.8,25.5,14.6,1.43,1011.6,0,1
32.5,45.6,12.8,1.09,1012.2,1,1
9.1,26.5,12.9,0.16,1017.1,2,2
23.5,21.1,2.6,3.96,1022.9,1,2
24.1,63.0,50.1,0.16,1005.8,2,2
28.3,59.2,15.4,0.35,1009.0,0,1
12.1,30.6,8.2,2.02,1000.2,2,1
11.4,35.2,21.9,1.16,1010.6,2,1
26.2,21.5,8.8,2.19,1017.5,2,1
24.4,74.3,30.5,0.87,1010.1,1,1
24.0,83.4,8.5,0.57,1027.1,2,0
24.8,28.8,27.6,3.06,1013.9,1,2
16.6,35.0,12.7,0.04,1012.2,1,0
23.9,76.4,19.8,2.33,1010.2,1,2
24.3,80.2,29.0,0.31,1002.1,0,1
16.3,47.3,10.4,2.27,1012.3,0,1
36.9,23.3,28.5,0.18,1015.9,0,2
25.8,22.6,2.8,1.04,1012.1,1,1
12.5,57.3,43.2,2.63,1014.8,0,2
27.3,45.5,32.0,0.77,1007.6,2,1
14.2,21.9,15.0,1.65,1003.0,1,1
28.3,57.9,35.9,1.96,1012.2,0,1
31.3,20.7,33.4,1.6,1014.8,1,2
15.4,71.2,16.1,3.11,1011.7,0,1
29.7,39.9,16.0,0.71,1014.6,2,1
25.3,22.6,7.4,0.23,1019.2,1,1
28.6,58.2,16.8,0.06,1019.2,0,1
37.2,45.8,3.9,0.34,1019.9,0,2
20.0,83.3,27.3,0.19,1021.0,2,0
16.0,55.4,27.7,0.98,1017.0,2,0
14.9,37.9,2.8,0.25,1015.9,0,0
15.5,66.1,40.5,0.05,1028.5,0,2
21.4,37.6,9.7,0.04,1019.3,1,0
24.7,78.8,86.2,2.14,1006.2,1,2
24.2,44.4,19.1,1.07,998.1,0,1
28.6,55.7,40.8,0.53,1011.1,2,1
22.1,23.3,7.2,2.7,1018.0,1,2
33.6,47.7,12.6,0.09,1020.7,0,2
19.9,74.1,10.4,4.71,1003.0,2,2
43.8,72.4,3.9,1.15,1018.8,2,2
27.0,34.6,5.1,0.24,1022.1,0,1
15.1,34.7,14.6,1.36,1017.9,0,1
13.4,73.1,21.3,1.73,1016.3,1,1
25.9,80.5,6.5,0.67,1011.9,0,0
20.2,26.2,12.0,2.37,1009.3,1,2
27.7,49.3,8.8,0.2,1019.3,2,1
25.8,41.9,15.3,0.39,1017.7,1,1
21.4,76.6,25.9,0.12,1010.4,0,1
15.2,25.4,17.4,0.28,1033.3,1,1
9.9,33.7,10.0,0.33,1000.9,2,2
18.4,68.9,32.7,3.0,1011.1,2,1
28.9,23.3,20.8,0.1,1006.8,0,1
23.7,52.0,17.8,0.67,1016.1,1,1
12.0,48.7,6.5,0.91,997.4,0,1
23.4,41.7,30.4,2.75,1023.2,0,1
25.1,45.6,22.4,7.29,1021.0,2,2
14.9,54.4,23.2,1.68,1015.1,1,1
23.2,30.5,13.5,4.24,1010.5,0,2
22.5,57.2,11.7,1.86,1018.7,2,1
12.9,72.4,50.3,3.96,1015.6,0,2
24.9,69.4,11.5,1.47,1020.6,1,1
26.5,30.0,5.4,0.1,1012.0,0,0
30.7,29.7,18.5,0.62,1011.5,1,1
30.4,37.4,16.0,1.25,1021.6,2,1
11.0,43.5,33.7,0.52,1018.1,2,1
14.5,46.5,14.3,0.38,1011.6,0,0
26.1,64.2,25.3,1.03,1015.9,2,1
26.1,23.7,42.3,3.25,1014.5,0,2
26.1,22.3,21.4,0.04,1016.7,0,0
52.8,45.5,6.9,1.76,1023.2,1,2
26.6,65.3,21.9,1.54,1010.2,0,1
31.1,32.6,12.2,3.99,1007.8,1,2
29.6,61.7,19.4,3.2,1015.2,0,1
27.2,36.9,16.1,1.72,1008.7,1,1
19.5,77.6,5.3,0.88,1005.7,2,0
28.1,78.2,14.3,0.27,1020.9,0,1
15.8,39.3,6.5,0.95,1010.7,1,1
20.1,34.9,10.8,1.74,998.1,0,1
18.1,46.7,30.3,2.71,1019.8,1,2
22.7,35.6,17.0,1.87,1009.5,1,1
40.5,63.7,24.3,0.26,1017.6,0,2
7.1,73.7,18.1,1.1,1021.7,0,1
27.5,63.8,12.9,0.48,1014.5,2,1
9.1,73.6,19.5,0.01,996.7,2,2
18.2,45.8,3.3,0.27,997.3,2,0
30.7,30.2,27.4,0.14,1007.6,0,1
22.5,68.0,8.0,2.22,1012.5,2,1
13.4,43.4,23.2,0.36,1022.6,1,1
16.3,63.6,12.5,0.4,1015.3,0,0
27.4,37.6,5.3,3.86,1033.9,1,2
16.2,25.3,9.3,0.57,1001.1,1,1
23.7,84.5,23.3,0.01,1014.0,1,1
22.4,30.2,61.1,0.4,1009.4,0,2
16.8,84.2,15.3,0.15,1014.9,0,0
39.2,83.5,56.4,0.13,1027.0,2,2
27.1,71.6,3.3,0.1,1027.5,2,1
5.8,62.9,13.3,1.08,1013.4,2,2
23.5,57.6,15.3,0.25,1019.9,2,0
16.7,76.3,24.2,0.54,1014.7,1,1
28.8,38.8,9.6,2.38,1004.4,0,1
15.7,50.4,20.8,0.66,1013.1,2,0
21.1,60.3,13.8,2.97,1009.0,1,2
26.0,46.7,37.0,0.83,1012.5,0,1
28.9,47.8,18.5,0.61,1006.2,0,1
12.4,41.5,81.6,1.67,1014.2,0,2
19.3,56.7,13.9,0.09,1015.4,1,0
18.2,75.3,35.4,0.11,1018.6,2,1
16.8,33.1,43.1,1.27,1015.5,0,2
36.1,80.7,0.9,0.8,1026.1,1,2
25.2,64.8,27.2,1.88,1030.5,0,1
11.9,73.5,13.5,2.98,1009.8,1,2
29.3,56.2,6.0,0.59,1020.8,2,1
39.0,70.7,37.4,1.09,1029.9,2,2
30.3,21.1,10.1,0.83,1021.0,0,1
9.8,73.2,3.0,4.8,1018.7,2,2
18.1,22.6,18.8,2.13,998.4,2,1
32.1,77.8,41.2,2.91,1008.5,1,2
16.3,84.5,6.1,0.35,1009.7,1,1
25.6,39.1,29.7,1.78,1024.1,0,1
28.2,33.7,2.2,0.37,1007.2,1,1
14.6,69.7,43.1,0.28,1012.3,2,2
21.5,36.4,21.7,3.46,1019.7,1,2
-3.9,76.3,5.5,0.02,1006.8,2,2
13.8,26.7,27.8,4.04,1015.2,0,2
20.0,28.2,10.6,0.19,1014.2,2,0
12.0,83.6,7.4,2.05,1020.0,1,2
35.1,63.8,10.4,0.39,1018.3,1,2
10.6,75.0,25.9,0.52,1018.0,1,1
18.5,41.1,7.0,0.29,1014.6,1,1
23.0,64.0,1.3,1.06,999.6,0,1
33.5,58.6,10.8,0.51,1014.1,2,2
10.5,59.2,38.4,1.29,1013.4,1,2
31.3,64.4,38.1,0.02,1019.1,2,1
22.1,57.4,10.4,0.08,1009.6,0,0
14.1,47.9,10.1,0.13,1013.3,2,1
25.7,37.9,9.5,0.65,1013.6,1,1
23.6,70.0,9.2,2.02,1007.3,2,1
17.2,34.7,9.7,2.63,1003.8,1,2
22.6,65.0,19.5,0.34,1016.1,1,1
18.9,35.2,39.1,1.03,1021.1,0,2
22.9,60.6,6.9,1.76,1008.0,0,1
27.3,68.6,8.2,0.41,1011.3,2,1
34.7,34.2,21.2,0.63,1019.6,2,2
12.1,23.9,26.9,0.89,1020.4,1,1
39.1,28.5,3.9,0.17,1014.9,1,2
6.4,59.4,48.9,0.03,1016.3,1,2
20.8,75.2,12.5,0.2,1017.3,1,0
26.7,22.9,4.3,1.18,1018.7,0,1
24.2,67.7,3.7,0.09,1004.4,1,0
17.0,42.2,3.5,0.25,1028.3,0,0
20.3,51.1,34.9,0.49,1015.2,2,1
18.1,80.4,17.2,0.1,1018.8,2,0
17.3,41.6,35.1,0.26,1006.9,0,1
28.8,50.2,14.8,2.91,1011.5,1,2
24.9,20.9,34.4,0.02,1016.0,2,1
16.5,25.3,14.5,1.27,998.6,0,1
29.2,36.8,24.1,0.58,1005.8,2,1
24.5,21.8,15.6,1.34,1007.2,1,1
28.5,61.0,13.8,1.07,1002.8,0,1
27.0,47.7,7.6,0.3,1013.8,2,1
15.4,55.6,26.5,2.25,1012.4,1,2
17.5,31.4,6.1,0.81,1024.4,0,1
28.0,39.2,26.4,2.07,1004.0,0,1
26.9,63.1,17.7,0.63,1014.9,0,0
21.8,82.7,26.9,5.01,1006.0,0,2
22.9,23.3,18.9,1.77,999.3,2,1
32.2,77.9,37.0,4.06,1017.7,0,2
17.3,57.5,22.4,0.87,1018.4,0,1
26.4,56.7,18.0,0.77,1017.4,0,0
20.4,52.5,1.1,1.69,1002.5,0,1
20.3,24.5,38.1,2.55,1013.7,0,2
30.8,25.8,3.5,3.99,1017.8,1,2
28.6,59.1,4.8,0.47,1020.6,2,1
28.5,42.2,28.7,1.92,1018.0,1,1
32.4,79.6,16.7,0.28,1020.7,2,2
22.2,46.4,3.6,0.95,1021.5,0,1
27.5,29.3,10.0,0.24,1013.8,2,1
19.5,66.5,36.7,0.51,1017.0,0,1
24.6,39.1,18.5,3.21,1021.0,0,1
21.0,54.2,17.0,0.19,1016.1,1,0
22.8,65.4,9.0,1.2,1022.6,1,1
26.8,78.5,29.5,1.08,1020.0,1,1
15.5,71.5,15.1,0.15,1007.9,2,0
38.7,64.0,25.7,0.47,1002.6,2,2
14.0,64.2,8.2,0.99,1013.2,1,1
12.3,81.5,61.3,0.25,1003.6,1,2
31.3,39.2,41.3,1.94,1013.7,0,2
28.3,20.1,18.3,4.3,1012.9,2,2
27.0,37.7,21.4,0.29,1023.4,0,0
27.0,34.2,10.1,0.25,1017.0,2,1
21.9,63.0,27.2,0.73,1020.8,1,1
14.8,61.2,1.5,1.65,1009.1,2,1
22.6,58.6,48.4,0.4,1025.2,2,2
16.6,21.1,26.1,0.02,1020.1,0,1
29.8,67.4,6.8,0.94,1016.4,1,1
20.8,41.0,47.6,3.76,998.5,1,2
15.4,63.2,57.9,0.6,1022.4,1,2
19.4,56.2,22.3,0.65,1027.2,0,1
25.3,42.3,8.3,4.16,1013.1,0,2
17.5,28.7,17.2,1.42,1013.3,0,1
15.4,26.1,24.6,1.52,1008.9,2,1
23.9,74.0,20.9,0.99,999.9,2,0
24.0,79.7,6.8,4.41,1008.5,0,2
17.9,62.2,24.3,1.4,1026.3,0,1
18.2,26.7,36.4,2.7,1021.6,1,2
23.9,46.1,5.4,1.44,1006.8,2,1
10.4,67.4,6.0,1.59,1008.4,2,1
10.7,70.7,9.8,0.41,1030.1,1,1
16.3,27.7,14.1,0.43,1004.8,1,1
20.3,20.0,30.0,1.83,1007.3,1,1
24.5,66.3,36.1,0.42,1009.6,0,1
33.8,43.2,8.0,0.99,1002.1,0,2
28.9,36.5,19.4,0.34,1008.7,0,1
20.7,20.8,35.2,2.04,1008.8,0,1
21.8,55.1,63.6,0.14,1005.8,0,2
14.0,75.3,19.3,2.12,1023.6,2,1
21.9,82.2,20.1,1.11,1003.7,2,0
19.7,56.8,22.4,0.25,1011.9,2,0
24.6,53.4,12.9,0.94,1006.0,1,1
15.4,25.5,18.2,0.4,1011.3,2,0
26.2,55.7,2.0,0.47,1005.6,1,1
34.3,44.7,10.2,0.52,1013.6,2,2
21.1,59.5,24.0,0.08,1015.6,0,1
25.2,45.3,7.6,5.12,1024.2,2,2
27.5,35.6,30.5,0.04,1008.3,0,1
18.8,26.2,3.0,1.3,1025.9,0,1
23.8,40.5,29.7,0.56,1006.5,2,1
22.1,26.3,29.6,1.25,1011.1,2,1
22.8,31.5,64.3,0.53,1027.1,0,2
15.8,84.2,12.5,1.34,1036.2,1,1
22.2,48.9,16.7,1.57,1026.5,1,1
26.0,54.6,45.3,1.41,1011.2,2,2
33.6,76.8,41.5,0.15,1017.1,0,2
29.7,84.7,33.6,1.28,1018.5,1,2
39.2,57.9,21.5,0.39,1015.8,2,2
15.9,72.8,44.5,0.04,1004.9,2,2
29.0,41.3,79.3,0.64,1014.9,0,2
23.5,39.9,25.6,0.68,1009.0,1,1
39.5,46.2,17.3,0.76,1005.3,2,2
15.5,63.7,27.8,1.46,1010.5,1,1
15.3,64.3,19.1,0.44,1015.5,2,0
17.2,40.5,13.4,0.45,1021.0,2,0
5.0,28.7,30.6,0.07,1011.0,1,2
17.8,61.1,11.0,1.39,1012.4,1,1
15.9,28.3,25.3,1.01,1019.4,0,1
23.2,57.6,3.8,0.52,1013.6,0,0
24.7,65.1,49.9,1.47,1016.1,0,2
37.0,65.5,8.6,0.92,1013.6,0,2
29.6,69.0,4.7,0.76,1014.6,1,1
17.4,76.7,40.6,0.86,1004.4,0,2
14.8,52.5,45.7,1.21,1014.0,1,2
25.9,67.5,21.2,1.29,1024.4,2,1
11.4,60.2,15.5,0.41,1014.4,1,1
36.7,32.1,12.7,0.18,1006.3,0,2
31.4,21.7,20.3,0.2,1024.8,1,1
18.2,38.5,16.2,1.22,1018.8,1,1
8.3,48.8,14.7,2.48,1019.1,1,2
32.8,60.1,7.8,0.63,1018.9,1,1
21.1,75.2,5.8,0.22,1004.0,1,1
31.9,32.8,17.8,1.7,1018.2,0,1
9.2,28.2,19.9,2.14,1024.1,1,2
17.2,82.6,9.0,2.55,1009.2,0,1
22.0,27.0,10.2,1.12,997.6,2,0
22.4,51.1,19.8,2.37,1015.9,1,2
18.4,58.1,7.6,0.02,1013.3,2,0
27.0,55.2,34.5,0.14,1000.6,0,1
13.5,25.6,24.6,0.12,1017.8,1,1
20.9,23.7,8.9,1.5,1017.2,2,1
23.0,26.9,23.7,0.09,1001.3,0,1
26.1,58.1,7.7,0.82,1028.1,2,1
27.7,55.4,29.7,0.77,1019.0,1,1
13.0,35.2,8.0,0.45,997.9,1,1
9.7,61.5,15.2,2.45,1019.6,1,2
32.2,73.3,18.6,0.22,1019.3,0,1
24.7,22.7,45.3,0.52,1024.3,2,2
16.0,52.4,8.5,1.79,1008.0,0,1
34.4,64.8,8.2,0.04,1019.7,2,2
22.9,36.4,4.1,1.34,1011.1,0,1
31.4,40.0,54.3,2.03,1008.5,1,2
22.5,59.9,17.1,3.23,1006.1,2,1
38.5,78.4,35.1,2.51,997.8,2,2
36.0,72.6,10.3,0.46,1017.3,2,2
20.0,57.9,11.2,1.06,1010.8,0,1
29.8,67.5,16.1,0.1,991.2,1,2
27.2,43.7,16.5,0.36,1013.6,2,1
32.9,61.7,27.1,0.12,1022.3,0,1
14.3,50.3,17.5,0.45,1002.5,2,1
27.5,32.3,12.3,2.5,1007.3,1,2
30.5,65.6,55.0,0.51,1016.5,2,2
7.9,56.2,7.7,0.99,992.5,1,2
12.5,43.3,8.5,0.68,1008.7,0,0
5.7,79.2,7.8,0.74,1015.8,0,2
19.8,21.4,27.9,4.19,1008.5,1,2
27.7,40.5,23.2,0.42,1002.6,1,1
34.0,23.7,14.7,1.18,1003.0,0,2
22.6,69.8,7.4,0.65,1000.1,1,1
35.0,65.6,18.6,0.08,1007.9,1,2
11.0,41.5,30.6,0.81,1021.5,2,1
8.4,63.9,46.5,2.01,1031.9,0,2
21.6,45.7,10.0,0.12,1013.3,0,0
25.1,69.2,14.7,0.09,1019.1,1,0
21.7,49.5,23.0,0.2,1005.5,1,1
5.5,46.8,12.2,1.73,996.3,1,2
21.3,80.8,4.8,1.54,1027.8,0,1
11.6,36.3,14.7,1.0,1008.2,2,1
27.4,27.8,5.4,0.76,1018.7,0,1
24.9,58.0,32.5,2.63,1014.3,2,1
14.5,83.0,13.0,1.75,1021.0,1,1
17.9,44.6,15.9,2.01,1020.6,0,1
13.5,24.0,8.7,2.01,1015.2,2,1
21.5,42.1,16.4,1.24,1016.1,0,1
29.6,52.9,39.2,0.74,1022.7,2,1
14.1,30.5,34.9,2.4,1009.7,2,1
26.0,62.8,6.3,3.12,1025.4,0,1
17.8,84.9,0.4,0.03,1007.3,1,0
15.7,49.4,14.8,0.06,1013.6,0,0
21.1,43.1,13.1,3.83,1018.0,1,2
13.7,46.0,12.5,0.39,1000.0,2,1
17.6,27.5,10.5,2.48,1024.1,2,1
12.4,77.4,6.1,0.59,1016.8,0,0
37.7,47.0,67.2,0.15,1039.4,0,2
22.3,45.2,54.3,0.1,1029.6,1,2
16.4,62.9,12.0,0.2,1012.9,1,1
23.7,48.7,18.4,0.35,1027.3,0,0
21.1,62.1,32.9,0.8,1019.8,1,2
20.2,24.0,18.3,1.45,1014.8,1,1
26.9,72.9,11.2,5.16,999.7,0,2
28.1,81.1,4.9,0.7,1001.6,0,1
17.8,62.2,16.8,0.88,1013.0,2,0
17.4,82.0,5.5,0.89,1009.0,2,0
19.8,29.8,37.4,0.93,1014.8,0,1
3.6,51.0,16.3,0.88,1024.0,2,2
9.9,59.1,24.3,0.01,1019.9,1,1
32.9,57.8,12.8,0.0,1007.4,0,1
35.2,46.1,29.8,0.12,1020.4,2,2
20.0,42.0,9.8,0.13,1005.7,0,0
26.6,28.2,20.7,1.46,1003.9,2,1
24.5,45.5,12.4,0.28,1016.1,0,0
46.6,30.6,14.0,2.7,1006.5,1,2
31.0,67.7,32.6,3.17,1007.9,2,1
21.0,33.6,8.7,4.47,1021.0,0,2
14.4,23.8,21.8,3.36,1018.3,1,2
9.1,55.9,40.5,0.38,1010.0,2,2
23.6,58.7,31.8,0.86,1000.0,2,1
15.9,76.7,10.0,0.23,1007.1,0,0
10.6,57.5,24.0,1.97,1028.5,1,1
16.8,42.5,3.0,2.63,1020.7,0,1
13.3,72.2,33.3,2.29,1024.4,2,1
35.5,55.1,79.2,0.68,1015.0,0,2
29.1,25.2,20.9,1.71,1010.2,0,1
21.9,56.8,41.8,0.12,1020.2,1,2
33.8,79.0,4.6,0.05,1023.3,1,1
22.6,45.8,6.8,1.68,1009.2,2,1
15.1,39.3,12.7,0.66,1007.3,1,1
34.2,29.3,14.7,6.5,1000.8,0,2
26.3,29.8,21.0,0.12,1007.1,2,1
13.7,48.1,10.1,2.32,1018.4,1,2
20.5,58.7,18.5,0.78,1008.2,0,0
15.0,25.2,32.5,2.11,1020.5,0,1
10.9,81.1,23.9,2.04,1028.7,2,1
29.4,69.1,12.4,2.97,1013.2,2,1
37.3,58.1,28.2,0.42,1012.9,1,2
10.8,73.8,12.0,3.59,1017.4,1,2
26.5,25.2,17.8,0.2,1008.4,1,0
16.8,51.0,31.4,0.1,1007.8,1,1
18.1,61.0,14.4,0.68,1008.1,2,0
17.3,73.9,5.4,2.11,1003.8,0,1
15.1,70.9,17.4,0.77,1020.2,0,0
22.4,38.0,31.6,2.12,1009.0,1,2
15.4,81.2,33.6,1.57,1021.9,2,1
24.2,28.1,6.5,0.28,1017.2,1,1
21.6,76.9,27.4,3.57,1012.8,1,2
20.1,83.1,13.7,0.08,1019.5,2,0
14.7,31.5,43.7,2.74,1005.5,0,2
17.4,66.9,5.5,0.44,1006.8,0,0
28.0,22.6,27.1,0.83,1018.7,1,1
26.0,46.4,12.6,0.66,995.4,2,1
14.2,53.6,10.2,0.23,1013.1,0,0
22.8,57.7,32.4,0.53,1017.7,0,1
28.0,80.8,35.9,0.26,1023.5,2,1
8.6,63.7,2.0,0.27,1025.1,2,2
26.3,51.3,32.8,0.25,1012.0,0,1
16.7,72.6,15.8,0.81,1019.2,1,1
26.6,81.8,17.0,1.92,1006.6,1,1
15.9,21.4,5.2,1.01,1009.5,0,1
7.6,83.9,25.8,2.68,1023.9,1,2
9.0,25.6,68.3,1.21,1012.7,1,2
22.4,72.9,10.7,1.4,1014.3,2,1
24.1,38.2,38.2,1.32,1004.7,2,1
14.8,28.6,16.6,0.72,1016.4,2,1
27.1,48.6,11.1,1.4,1019.0,1,1
8.7,61.9,4.3,0.09,1018.8,2,2
21.5,44.8,41.9,2.36,1003.3,2,1
12.3,23.5,18.1,1.81,1021.0,0,1
16.8,59.0,11.6,0.34,1005.0,2,0
22.4,78.7,13.2,1.75,1012.8,0,1
15.1,44.9,27.3,0.02,1000.1,1,1
18.9,34.1,11.6,0.29,1011.6,2,0
30.1,48.8,7.3,0.08,1005.0,0,1
17.4,23.1,15.2,1.82,1009.4,0,1
28.7,73.3,14.9,1.69,1013.5,0,1
13.0,73.7,14.6,2.02,1019.6,1,2
26.2,58.2,11.7,0.01,1019.3,2,1
33.5,43.0,39.1,0.83,994.3,1,2
2.2,72.0,84.5,1.46,1018.4,0,2
15.6,56.1,6.5,0.2,1014.7,1,1
26.6,73.7,1.7,1.26,1008.5,1,1
20.4,61.0,13.8,0.11,1006.0,0,0
25.0,71.0,1.9,0.24,1012.5,2,0
17.2,58.9,3.8,0.78,1014.8,2,0
22.7,46.9,10.9,1.27,1016.0,1,1
20.8,82.3,27.1,0.19,1011.4,2,0
31.3,55.2,13.7,0.25,992.8,0,2
24.0,59.3,1.1,0.27,1009.0,2,0
24.7,34.3,13.5,0.33,1003.5,1,1
18.7,60.7,14.4,0.31,1029.4,0,0
18.1,57.2,14.5,0.6,1013.5,0,0
18.5,32.0,35.3,1.27,1018.9,0,1
25.2,23.9,31.3,0.69,1018.1,1,1
18.6,59.3,17.6,1.8,1015.5,1,1
24.3,69.6,59.8,1.52,1009.7,2,2
38.6,54.0,10.9,0.16,1008.6,1,2
29.0,34.7,15.1,0.06,996.8,0,1
19.4,63.3,16.4,2.52,1014.1,1,2
31.6,25.2,4.2,0.1,1015.4,1,1
18.7,48.7,16.6,0.19,1012.6,2,0
5.7,30.6,3.4,0.03,1014.1,0,2
13.9,32.0,9.5,1.19,1003.3,2,1
7.0,33.1,18.2,1.05,1010.6,2,2
19.2,45.1,5.0,5.2,1007.8,2,2
22.1,23.3,21.3,2.62,1018.3,0,1
35.4,45.9,8.2,0.63,1013.3,2,2
24.6,53.3,12.4,0.56,1007.9,0,0
20.2,51.4,24.1,0.42,1011.7,2,0
28.6,44.9,15.6,0.2,1004.7,2,1
4.3,74.5,20.9,0.18,1010.4,0,2
23.9,29.4,23.0,0.17,1017.7,1,1
28.2,52.9,15.4,0.15,1002.3,2,1
10.2,24.0,21.8,0.33,1012.5,1,1
31.2,24.6,9.3,0.44,1007.0,2,1
24.7,57.3,23.9,3.91,1002.3,1,2
18.7,56.8,13.9,1.04,1027.9,1,1
27.1,77.1,39.8,5.27,1023.0,1,2
40.2,56.3,18.5,0.56,1008.2,1,2
23.5,82.4,10.5,0.73,1010.7,1,1
24.0,23.2,24.2,0.47,996.8,0,1
18.3,26.4,40.9,0.24,1000.3,1,2
15.2,22.9,11.3,0.19,1004.0,0,0
28.6,32.0,9.8,3.48,1012.7,2,1
15.2,55.2,0.6,5.19,1012.1,0,2
22.6,62.0,18.5,0.06,1015.7,1,1
18.2,23.0,12.8,0.2,1018.4,0,0
25.8,81.5,24.1,0.66,1015.2,1,1
24.7,74.7,24.5,0.25,1004.3,0,1
30.3,39.3,4.4,0.54,1015.6,2,1
17.9,25.0,31.2,0.17,1018.1,1,1
19.8,31.0,8.6,0.73,1009.6,1,1
14.2,28.3,11.4,0.38,998.2,0,0
18.4,28.0,21.4,0.52,1022.5,0,0
25.0,53.7,6.1,0.12,1013.7,0,0
28.1,36.0,9.9,0.67,990.8,0,2
14.6,43.3,5.6,4.91,1029.6,0,2
29.0,84.3,33.1,0.48,1009.2,1,2
32.8,64.5,12.2,2.51,1032.5,2,2
25.3,81.7,5.1,2.22,1016.0,0,1
37.0,29.3,5.4,3.65,1011.4,1,2
15.8,44.8,29.4,1.87,1014.5,2,1
12.0,56.1,7.9,1.29,1007.3,2,1
7.8,25.0,11.2,2.33,1013.5,0,1
34.0,20.3,17.2,0.09,1029.1,1,1
27.2,63.6,12.9,0.75,1005.8,1,1
21.6,61.7,2.4,5.44,1017.3,1,2
24.2,46.7,26.0,1.76,1007.2,1,1
13.0,51.8,13.7,3.93,1011.7,1,2
41.6,47.0,20.8,1.81,1028.8,2,2
23.0,21.6,27.3,2.49,1017.2,2,1
22.9,41.8,1.8,1.47,1019.0,2,1
27.8,31.5,27.5,1.72,1013.6,1,1
25.8,26.4,74.2,0.89,1034.6,2,2
23.8,82.2,22.4,3.1,1005.4,2,1
15.7,59.0,40.2,2.09,1000.4,0,2
25.8,67.4,32.3,2.23,1026.5,2,1
37.1,40.5,26.8,1.34,1009.9,0,2
32.8,45.6,33.1,0.44,1016.3,1,2
34.7,35.4,37.1,0.04,1026.7,1,2
17.9,26.3,38.1,3.29,1016.4,1,2
14.1,31.6,5.4,1.06,1030.8,1,1
21.0,71.8,34.6,0.42,1014.1,2,1
22.4,64.0,13.6,0.19,1007.3,0,0
30.8,55.6,39.0,2.12,994.2,1,2
8.5,50.9,23.8,2.17,1015.4,1,2
34.2,80.0,5.3,2.02,995.1,0,2
20.7,24.7,42.7,1.24,1015.6,0,2
18.6,38.2,8.6,0.55,1024.7,0,0
13.9,42.7,13.0,0.44,1012.9,0,0
8.8,70.9,49.5,0.01,1014.5,0,2
28.6,84.5,18.6,2.15,1020.3,2,1
22.6,35.6,12.6,0.11,1018.4,0,0
11.7,76.8,15.7,1.2,1022.3,2,1
11.6,74.0,12.3,0.84,1012.8,0,1
19.3,34.6,29.4,0.9,995.0,0,2
35.4,46.0,12.7,3.14,1022.4,1,2
19.9,46.6,16.1,0.04,1011.1,1,0
10.0,83.6,25.3,1.78,1006.0,1,1
20.0,31.8,23.3,0.06,1015.7,1,1
19.8,71.9,9.3,0.05,1014.5,1,0
0.4,41.7,29.7,0.67,1007.0,1,2
21.6,67.5,10.8,0.08,1002.7,0,0
20.2,47.3,6.6,1.87,1016.7,0,1
27.6,57.6,2.7,0.9,1006.2,1,1
36.8,74.1,14.5,0.04,1013.9,1,2
31.0,72.3,3.5,0.05,1016.0,1,1
19.8,76.3,8.2,1.14,1020.7,0,1
13.1,23.9,16.5,1.97,1030.0,1,1
42.6,65.0,36.5,0.69,1014.9,1,2
22.5,29.1,13.3,0.97,1009.6,0,1
22.1,47.0,4.3,1.93,1026.3,0,1
21.8,55.7,15.3,1.13,1021.4,2,0
23.6,46.2,35.5,0.31,1014.3,1,2
20.8,53.8,13.1,1.14,1014.9,0,1
17.4,84.8,40.8,1.19,1013.2,2,1
17.6,28.8,16.4,1.59,1014.3,0,1
21.7,63.9,27.6,1.16,1012.2,2,0
17.7,45.7,19.6,4.18,1005.2,2,2
16.3,28.6,39.5,0.26,1013.1,1,2
22.9,30.3,62.5,3.62,1027.1,1,2
20.0,81.7,11.3,0.93,1006.5,2,0
34.0,77.2,18.8,1.34,1010.8,1,2
0.8,79.0,36.5,0.13,1005.9,0,2
30.7,84.4,20.2,0.57,1022.3,0,1
32.0,33.5,2.6,1.76,1019.6,2,1
5.4,43.1,13.2,1.47,1002.8,2,2
19.3,63.5,20.0,0.05,996.9,0,0
19.0,51.4,46.9,0.95,1019.9,0,2
10.7,47.2,18.0,0.11,1002.3,2,1
15.8,43.3,7.7,6.58,1019.6,0,2
13.1,58.6,20.4,2.73,1007.9,0,1
36.0,57.4,43.8,0.03,1018.6,2,2
29.5,30.5,9.9,2.35,1016.6,1,2
32.2,50.7,11.0,3.02,1008.7,0,1
27.8,56.0,10.0,0.52,1006.0,1,1
13.0,57.1,4.9,1.53,1017.6,1,1
17.8,33.7,17.4,0.7,1007.5,0,0
25.9,68.2,15.9,1.28,1021.9,1,1
12.2,21.6,2.9,0.5,1006.3,2,1
27.7,43.1,8.2,0.47,1015.8,0,1
20.1,70.7,19.2,0.66,1009.9,0,0
19.0,56.7,27.1,0.19,1013.0,1,1
27.7,37.0,32.4,2.13,1007.4,0,1
25.6,65.2,28.7,0.51,1011.6,0,1
19.1,56.9,16.6,0.61,992.5,1,2
31.3,71.8,4.1,2.69,1006.5,1,2
13.4,67.8,13.9,0.82,1008.3,0,1
26.9,59.7,1.0,0.94,1012.4,0,1
26.7,51.7,19.3,3.76,1023.3,2,1
19.5,28.7,9.6,2.61,1007.4,2,1
24.6,37.0,1.7,0.22,1024.3,0,0
12.0,47.2,22.0,0.77,1006.1,0,1
29.4,59.0,43.4,4.26,1004.1,2,2
20.5,53.4,3.5,0.56,997.9,1,1
17.8,38.7,23.3,0.56,1017.9,0,1
30.4,20.4,12.1,0.26,1013.7,2,1
16.4,52.3,8.6,0.15,1017.4,2,0
10.7,38.6,8.7,1.62,1014.1,0,1
9.5,67.7,12.1,1.76,1012.9,0,1
26.8,21.6,12.0,4.17,1015.3,2,2
11.8,58.0,16.1,1.78,1030.2,0,1
36.0,81.2,7.9,0.33,1009.2,1,2
5.3,31.3,9.4,0.05,1029.4,0,2
35.6,50.7,24.9,5.08,1019.8,2,2
23.7,25.9,7.3,0.5,1015.9,2,0
21.2,60.7,20.2,0.45,1017.4,0,0
17.6,55.8,12.6,2.84,987.4,2,2
25.2,46.5,10.6,1.06,1010.9,1,1
21.7,53.9,52.8,0.29,1007.6,0,2
30.8,78.3,5.1,2.64,1029.9,0,1
22.9,32.8,45.4,6.02,1010.3,2,2
23.2,21.5,29.9,0.11,1012.8,1,1
19.1,76.0,9.8,2.38,1012.6,0,1
21.5,57.5,30.5,0.59,1002.5,2,1
24.5,77.9,0.5,0.89,1008.5,0,1
8.3,58.8,9.0,2.96,1019.5,1,2
11.2,72.7,7.4,4.35,995.9,2,2
27.9,47.9,22.2,0.36,1015.5,0,1
23.4,68.7,27.5,0.29,1005.8,2,0
20.5,79.3,21.9,0.1,1023.4,2,0
22.1,57.2,18.3,0.99,1016.2,1,1
24.8,31.8,31.9,0.02,1000.8,1,1
17.7,37.5,28.8,0.64,1009.7,0,1
15.8,32.9,9.6,0.09,1016.6,2,0
23.6,36.0,10.5,0.62,1010.6,2,0
14.2,39.9,27.7,0.05,1014.2,2,1
25.3,56.1,16.0,2.16,1012.8,0,1
8.4,58.2,16.9,0.28,1019.9,1,1
30.2,47.7,18.6,0.48,1016.5,1,1
25.8,60.0,2.7,2.45,1012.6,2,1
24.0,25.3,9.2,1.65,1013.1,0,1
29.9,25.7,23.6,0.3,1004.3,2,1
35.3,31.2,9.1,0.09,1024.7,1,2
30.1,53.7,13.8,1.51,1036.7,2,1
7.3,33.9,23.4,0.59,1010.4,2,2
11.8,38.4,33.1,1.74,1013.4,2,1
17.0,46.0,35.9,0.71,1021.1,1,2
22.2,72.8,37.3,0.51,1021.1,0,1
26.1,20.9,14.8,0.72,1014.4,2,1
16.2,62.2,13.7,1.66,1005.2,1,1
23.5,63.5,5.7,2.79,1027.5,2,1
16.0,71.9,43.6,0.06,1018.4,0,2
17.1,80.6,13.2,0.89,1014.8,2,0
10.7,21.3,42.9,0.04,1007.2,0,2
14.6,30.0,20.6,0.76,1013.5,1,1
11.2,77.6,34.2,2.6,998.5,0,1
14.2,49.8,15.6,0.54,1018.9,0,0
30.4,56.7,25.1,3.23,1020.9,1,2
14.4,63.1,35.0,1.2,1014.8,0,1
43.1,64.1,11.0,3.26,1005.3,0,2
25.9,80.6,37.4,1.7,1016.6,1,2
23.5,84.8,6.5,0.13,1019.3,0,0
15.1,66.8,51.9,0.32,1007.1,0,2
27.6,38.7,18.6,0.6,1020.5,2,1
17.4,77.2,9.3,0.22,1017.2,0,0
23.0,23.2,29.5,0.82,1010.8,0,1
42.5,35.0,21.3,0.76,1008.5,0,2
21.2,78.3,2.9,3.76,1011.6,1,2
31.2,36.7,12.1,0.68,1005.2,0,1
16.4,34.3,6.8,1.85,1015.1,1,1
21.7,29.0,7.4,3.41,1017.5,1,2
36.2,75.8,7.1,2.51,1022.3,0,2
17.0,52.5,24.3,0.28,1015.4,0,1
36.5,63.9,31.1,0.82,1016.1,0,2
27.7,35.5,8.6,0.51,1010.9,0,1
17.5,69.3,2.1,0.61,1006.0,0,0
27.1,69.4,60.0,0.54,1009.6,0,2
29.8,40.3,18.8,2.1,1024.4,0,1
27.0,46.7,29.6,0.72,1018.1,1,1
9.4,33.6,14.3,0.89,1016.3,2,2
16.2,83.5,1.5,4.85,998.5,1,2
20.0,62.0,22.6,0.07,1015.5,0,1
21.4,80.7,48.3,0.8,1002.4,2,2
27.0,39.7,9.8,1.78,1002.9,2,1
23.4,70.8,1.3,0.2,1003.8,0,0
11.3,69.8,5.7,1.13,1006.8,0,1
25.0,65.0,30.7,0.33,1019.7,1,1
26.9,82.8,21.2,2.42,1014.8,2,1
26.5,45.6,37.5,0.48,1005.5,2,1
30.6,28.5,16.8,0.48,1008.4,0,1
28.7,63.7,27.2,1.09,1017.0,0,1
25.7,67.4,11.8,0.24,1018.6,2,0
21.4,57.4,6.1,0.4,1014.1,2,0
8.7,33.4,27.2,0.65,1003.8,0,1
25.4,52.8,31.0,0.52,1009.7,0,1
23.7,40.3,10.0,0.89,1032.0,0,1
24.2,47.8,45.5,1.1,1003.3,1,2
11.8,61.9,46.3,1.0,1016.0,1,2
13.4,68.4,7.2,1.27,1030.0,0,1
30.4,35.1,7.5,0.44,1010.8,1,1
21.7,46.3,7.8,0.16,1027.7,2,0
27.5,37.5,15.1,1.72,1007.5,2,1
22.2,32.9,12.3,2.28,997.2,0,1
22.2,70.9,4.9,0.36,1008.4,2,0
29.5,79.1,8.0,0.63,1006.9,2,1
17.9,44.1,1.6,0.83,999.6,2,0
22.8,68.8,2.0,0.91,1009.7,2,0
18.3,78.3,3.9,1.29,1020.9,2,1
18.5,75.0,57.9,0.05,1008.2,1,2
19.5,31.9,53.3,1.53,1010.0,1,2
23.8,82.2,28.3,0.08,1024.0,0,1
18.2,44.5,10.1,0.76,1007.0,2,0
32.0,42.1,3.9,2.11,1018.0,1,2
14.8,24.1,16.5,0.72,999.3,1,1
20.5,51.6,23.1,0.19,1005.3,1,1
18.5,27.1,8.7,5.04,1011.3,2,2
33.6,36.2,22.2,2.64,1022.7,1,2
23.6,40.6,5.6,1.77,1005.7,0,1
30.3,72.6,10.3,0.64,1005.6,0,1
10.1,76.9,13.6,0.24,1015.2,2,1
24.1,39.7,54.4,3.4,1016.5,0,2
29.1,75.8,7.9,0.91,1004.7,1,1
22.7,75.7,23.0,2.3,1008.8,2,1
30.5,69.7,6.8,0.5,1021.7,0,1
17.9,29.5,6.0,0.49,1003.6,2,0
33.3,64.9,8.7,5.08,1015.7,1,2
40.4,81.4,17.0,0.89,1008.9,0,2
19.1,64.4,49.5,0.18,1024.2,1,2
18.4,41.6,9.9,0.3,1017.6,0,0
33.6,52.5,31.2,0.79,1020.0,2,2
34.6,62.0,56.2,0.05,1008.7,0,2
17.8,53.2,20.2,0.75,1019.6,0,0
18.6,27.8,35.2,0.65,1019.4,0,1
19.7,40.3,8.3,1.81,1017.2,2,1
11.2,72.2,22.5,0.53,1010.7,0,1
14.7,76.0,26.8,4.86,1014.3,1,2
14.0,28.9,4.6,0.24,998.2,2,1
15.9,81.9,7.5,1.07,1027.1,2,0
21.7,41.4,13.1,0.11,1008.2,1,0
23.9,63.1,8.9,1.59,1010.3,2,1
34.4,68.9,14.3,6.3,1002.5,0,2
14.0,72.8,3.9,2.05,1018.4,2,1
29.9,81.5,52.5,0.97,1017.2,1,2
20.3,40.3,33.4,0.8,1010.6,2,1
21.6,75.8,116.3,2.16,994.3,1,2
27.4,28.6,5.2,3.3,1007.3,2,1
13.0,65.8,23.2,5.43,1016.7,1,2
25.1,68.2,9.0,0.61,1015.0,2,0
23.3,64.1,5.9,5.64,1012.6,0,2
25.9,36.4,32.1,0.2,1009.6,1,2
24.3,76.7,17.4,0.35,1000.4,1,1
41.6,31.0,12.4,0.11,1020.7,2,2
16.9,23.5,20.7,0.38,1001.5,2,0
17.8,66.6,7.8,1.75,1011.4,2,1
17.0,50.9,7.6,2.3,1004.7,0,1
17.6,75.2,9.3,1.81,1020.9,2,1
16.9,44.9,36.6,1.2,1017.7,1,2
31.5,30.9,34.6,0.87,1010.1,2,1
33.4,74.4,5.0,1.48,1018.5,0,2
17.4,55.7,51.0,0.59,1001.1,2,2
15.3,32.3,16.3,2.21,1012.4,2,1
25.8,66.8,22.9,1.36,1004.6,1,1
17.6,53.2,9.0,1.44,1021.2,2,1
27.1,59.3,16.9,0.92,1016.0,0,1
23.6,50.0,5.9,2.6,1018.2,2,1
9.9,73.9,8.5,0.35,1008.6,2,2
34.4,73.9,30.3,0.58,1019.0,1,2
36.4,66.1,30.8,1.8,1004.1,2,2
17.1,26.9,23.7,0.81,1005.2,1,1
18.9,74.5,11.7,2.64,1011.6,1,2
24.3,63.6,4.9,0.51,1005.5,2,0
24.7,65.3,39.7,0.55,1018.7,1,2
27.3,43.6,32.4,2.64,1009.2,1,2
38.1,77.2,2.4,0.75,1004.4,2,2
20.6,67.1,31.2,0.87,1003.3,2,1
15.6,27.3,12.4,0.49,1018.6,0,0
11.0,46.5,27.5,0.39,992.6,0,2
16.2,77.6,4.0,1.28,1004.9,1,1
21.7,23.1,9.4,0.15,1024.2,1,0
36.4,82.5,17.9,2.54,1010.2,2,2
17.9,64.1,52.5,1.81,1018.7,0,2
23.8,61.0,18.0,0.25,1016.4,0,0
21.9,37.6,35.6,1.42,1011.5,2,1
31.5,36.2,19.8,1.11,999.7,2,1
42.2,81.2,19.3,0.24,1002.4,2,2
17.8,39.4,24.6,0.38,1002.3,2,0
18.1,70.4,15.9,0.63,1016.9,0,0
30.4,45.6,29.8,1.44,1018.4,2,1
27.5,29.1,6.3,1.22,1006.0,2,1
36.8,20.7,16.0,0.91,1012.4,0,2
26.7,55.4,55.5,1.76,1013.1,2,2
19.1,83.4,36.7,1.7,1013.6,0,1
26.7,44.0,21.2,1.15,1006.9,0,1
30.9,43.2,33.2,1.86,1026.1,2,1
28.6,42.4,46.0,0.49,1018.4,2,2
26.1,53.8,2.0,2.56,1013.6,1,2
30.5,48.6,13.3,1.15,1008.8,1,1
31.4,77.2,9.4,2.07,1006.3,0,1
33.1,52.9,4.3,0.95,1016.2,0,2
27.2,53.0,60.9,0.3,1009.2,1,2
20.7,29.0,25.5,0.94,1014.1,0,1
23.2,83.9,32.4,0.56,997.8,1,2
31.7,36.2,9.8,1.43,1008.8,2,1
15.5,24.8,13.1,0.78,1012.1,2,0
24.9,63.1,16.6,2.17,1020.7,2,1
18.9,58.7,22.4,1.36,1005.6,0,1
22.2,47.0,29.0,1.38,1001.1,2,1
32.2,47.4,27.7,0.29,1016.6,0,1
23.5,71.0,13.8,4.98,1012.5,2,2
22.4,32.7,47.2,2.21,999.2,0,2
11.1,73.3,41.0,1.87,999.6,0,2
28.0,62.2,20.7,0.48,1007.8,1,1
27.2,47.2,17.1,0.92,1012.3,1,1
39.3,49.8,13.0,0.18,1024.1,1,2
19.5,36.7,22.5,0.93,1004.4,0,1
23.8,68.9,39.5,0.19,1017.3,1,2
24.0,53.3,17.4,0.97,997.3,1,1
34.6,40.9,10.5,1.26,1015.9,1,2
21.2,58.7,17.1,0.59,1025.1,0,0
24.2,84.7,21.0,0.83,1014.1,0,1
26.9,48.3,5.9,2.5,1007.7,1,2
23.5,79.8,4.5,0.14,1022.9,1,0
18.4,42.4,10.7,1.88,1015.8,0,1
23.6,23.6,47.2,0.22,1014.2,0,2
30.6,33.3,38.0,0.04,1004.9,1,2
13.8,47.2,3.5,0.25,1015.9,1,1
23.1,34.3,7.3,1.74,1007.5,1,1
16.4,20.0,28.6,0.62,1015.5,0,1
31.6,79.5,11.9,2.47,1013.4,1,2
9.8,74.9,23.4,0.89,1021.7,0,1
17.5,68.2,3.7,0.03,1008.4,2,0
25.0,30.9,16.8,1.51,1011.8,1,1
34.5,27.8,15.5,0.14,1019.4,2,2
21.5,24.4,32.5,1.87,1011.1,0,1
17.6,67.1,22.4,0.22,1012.8,2,0
37.0,80.4,18.6,0.51,1009.7,1,2
10.4,48.0,2.8,1.72,1011.7,2,1
4.4,27.7,56.7,3.7,1018.4,2,2
25.5,53.3,27.2,0.56,1027.7,2,0
18.0,42.7,9.1,2.12,999.6,0,1
13.8,44.4,18.2,0.25,1002.9,1,1
27.7,60.4,12.2,1.98,1011.9,0,1
24.0,66.7,14.1,1.29,1013.4,2,1
17.5,27.2,37.6,0.26,1011.3,2,1
11.8,22.3,7.3,0.43,1008.6,0,1
29.0,84.6,28.0,0.17,1003.1,0,1
27.2,35.1,38.7,0.58,1008.1,2,1
21.2,23.5,25.0,0.27,1019.5,1,1
36.8,32.3,14.7,1.24,1013.7,0,2
13.4,22.5,8.5,6.24,1018.4,2,2
9.8,45.5,9.6,0.01,1003.4,2,2
16.5,72.2,18.5,0.93,1024.6,1,1
21.6,42.2,17.4,1.02,1008.5,2,0
23.9,48.9,30.5,2.95,1016.8,0,1
20.1,63.9,4.0,0.85,1012.0,2,0
24.8,53.1,37.3,0.94,1008.7,2,1
12.0,76.0,81.9,0.77,1016.5,2,2
33.6,76.3,15.9,0.38,1017.8,2,2
21.3,20.6,14.0,0.07,1034.5,1,0
30.9,70.6,15.1,0.63,1018.1,0,1
24.7,49.9,18.0,0.06,1018.0,2,0
25.7,84.3,13.1,0.96,1022.2,0,1
26.6,51.4,2.1,0.44,1017.3,1,1
25.6,84.1,14.8,0.92,1012.7,0,1
27.1,69.0,18.9,0.17,1015.6,1,1
32.6,36.2,40.0,3.24,1019.8,0,2
23.6,55.0,7.2,2.7,1024.1,0,1
27.7,84.5,51.1,0.25,1000.9,2,2
21.3,75.7,12.4,0.5,997.9,0,0
33.5,26.3,8.0,1.14,1023.8,2,2
16.6,65.9,27.2,0.12,1006.6,2,0
36.4,42.5,11.2,0.53,999.7,0,2
21.7,20.5,16.1,0.35,999.0,2,0
10.6,46.2,17.0,2.97,1027.4,0,1
23.0,35.3,26.1,2.3,1020.0,2,1
16.6,73.2,15.7,1.04,1006.6,2,0
28.7,41.9,14.4,0.88,1007.0,1,1
16.8,73.8,12.1,3.2,1013.4,1,2
18.4,20.0,24.3,3.23,1019.9,0,1
6.9,40.0,10.7,4.18,1010.6,2,2
18.4,35.7,40.9,0.16,1006.7,1,2
2.6,35.2,17.1,0.21,1022.1,1,2
9.3,24.4,3.0,1.36,1012.8,1,1
28.1,32.2,21.0,0.94,1011.5,2,1
28.3,56.1,23.6,0.02,1017.7,0,1
25.4,38.9,41.3,0.08,995.9,2,1
14.3,47.1,8.8,2.63,1016.8,2,1
21.6,44.5,7.7,2.44,1016.3,1,2
22.0,76.9,26.7,0.53,1002.0,2,0
12.7,78.8,36.7,2.66,997.5,2,1
34.0,52.0,8.5,1.08,1008.5,1,2
29.0,41.5,20.4,1.97,1014.5,1,1
20.2,26.9,15.9,0.67,1015.3,2,0
22.2,82.0,8.8,0.14,1026.6,1,0
23.7,23.9,15.2,0.68,1014.5,0,0
5.7,39.3,35.0,0.73,1001.8,0,2
20.0,39.4,17.2,0.96,1011.0,0,1
16.5,40.8,14.6,0.13,1002.6,0,0
14.0,30.7,25.7,5.71,1011.6,0,2
19.8,70.9,37.2,0.34,1024.3,1,2
36.4,28.0,7.1,0.27,1016.7,1,2
27.1,61.3,21.1,0.9,1007.2,0,1
17.4,28.0,12.4,0.92,1017.7,0,1
26.6,24.6,17.2,0.7,1006.8,0,0
33.2,79.1,27.2,1.77,990.9,1,2
29.4,32.4,13.3,0.87,1003.1,1,1
22.5,73.4,15.6,1.13,1016.7,2,0
16.8,55.4,33.0,1.54,1019.2,2,1
27.6,25.1,23.2,0.03,1026.7,2,1
25.1,82.1,15.4,1.01,1015.7,2,0
29.2,36.1,18.5,2.59,1023.8,1,2
27.1,75.9,17.5,0.02,1018.0,1,0
30.4,31.0,2.8,0.62,1020.5,1,1
17.7,75.5,18.8,3.13,1021.8,1,2
32.5,20.9,5.1,0.52,1016.9,0,1
23.6,53.3,36.5,0.74,1021.6,2,1
38.6,70.0,4.9,4.79,1007.4,1,2
16.5,80.8,11.9,0.27,993.6,1,2
35.9,79.1,10.1,0.08,1018.2,2,2
23.6,73.3,45.9,2.35,1016.0,1,2
16.8,77.7,35.4,2.43,1006.0,0,1
18.1,32.9,1.2,0.77,1002.9,1,1
19.4,38.5,16.5,0.87,1014.0,2,0
25.4,38.8,6.0,2.17,1018.7,0,1
26.2,44.5,18.8,1.61,1017.2,0,1
17.4,45.6,26.8,0.37,1004.8,2,0
21.8,55.4,20.0,0.02,1006.6,2,0
39.1,30.4,27.9,0.78,1018.4,0,2
35.8,64.9,13.6,2.35,1013.6,1,2
25.5,30.9,20.5,2.71,1021.5,2,1
22.3,40.2,27.2,3.75,1010.4,0,2
23.0,52.7,11.6,2.54,1018.9,2,1
26.9,71.8,7.9,1.04,1012.7,1,1
13.8,68.1,9.7,0.71,1007.2,1,1
19.9,62.0,15.2,1.79,1020.4,0,1
8.7,30.1,16.9,1.62,1005.1,1,1
25.2,55.6,21.4,0.93,1013.6,1,1
27.2,25.7,8.8,0.11,1014.4,1,0
18.1,44.5,27.8,3.13,1012.0,2,1
34.6,46.9,52.9,0.73,1020.9,0,2
12.2,22.6,10.2,0.54,1017.6,0,0
10.3,37.8,72.6,1.19,1016.6,0,2
23.8,82.1,57.6,1.34,1013.5,1,2
30.4,82.0,16.8,0.28,1027.9,2,1
35.5,42.9,14.8,2.18,1024.7,0,2
18.3,22.8,9.5,0.41,1020.4,2,0
30.6,31.6,30.7,0.25,1019.0,0,1
21.7,45.5,17.7,0.63,1008.2,1,1
20.6,81.6,19.1,1.57,1012.6,0,1
29.1,29.2,8.0,4.04,1018.1,0,2
27.2,69.6,31.3,1.99,1021.4,1,1
9.4,27.1,13.9,3.38,1020.1,1,2
33.8,83.8,6.4,0.18,1017.6,0,2
33.0,44.8,15.8,0.09,1029.0,2,2
17.0,70.4,8.5,0.98,1011.9,1,1
25.2,42.3,41.3,0.41,1021.1,0,2
26.0,60.8,57.1,2.11,1020.1,1,2
24.1,32.5,16.2,1.34,1016.6,2,1
17.6,29.5,34.8,4.24,1016.8,0,2
16.6,81.0,34.2,0.35,1016.7,0,1
21.8,79.6,0.2,0.8,1007.3,2,0
31.4,77.7,9.7,0.83,1016.2,2,1
26.3,60.7,18.3,0.33,1019.0,0,0
19.0,72.5,11.8,1.07,1015.6,2,0
28.2,24.5,9.0,0.7,998.3,2,1
-0.8,41.8,35.7,0.71,1000.3,0,2
31.2,40.4,11.4,0.54,1006.5,1,1
8.1,61.3,21.4,0.02,1012.1,2,2
19.1,43.1,33.6,0.89,1006.9,1,2
13.0,29.7,42.9,0.49,1018.2,1,2
11.6,58.8,6.5,0.0,1022.5,1,1
31.3,72.9,7.0,0.44,1023.7,2,1
18.3,44.8,19.7,0.39,1015.7,0,0
24.8,28.6,2.1,0.6,1021.7,0,0
21.6,32.8,7.3,0.17,1008.5,0,0
25.8,35.4,38.4,0.85,1011.8,0,2
22.6,39.5,26.3,1.41,1003.7,0,1
11.7,61.8,15.2,1.19,1022.7,0,1
30.0,59.1,23.6,1.95,1028.7,1,1
18.0,65.2,27.6,0.72,1010.2,1,1
9.5,43.6,4.5,0.88,995.6,1,1
18.6,73.6,11.3,2.0,1005.4,2,1
34.0,33.3,42.0,0.67,1007.8,2,2
28.8,50.5,20.0,1.45,1002.4,2,1
19.2,72.1,20.9,0.68,1004.8,0,0
19.2,31.7,16.2,0.65,1014.6,1,1
19.4,27.1,2.8,1.71,1018.3,2,1
38.6,77.4,10.1,0.23,996.5,1,2
25.1,42.3,22.6,0.5,1008.7,0,1
25.4,64.5,11.5,0.3,1013.3,1,1
30.2,21.6,6.7,0.53,1004.5,0,1
23.9,64.9,7.5,0.31,1014.9,2,0
19.9,40.5,42.5,1.04,1012.1,0,2
20.4,23.6,11.0,1.92,1009.4,0,1
21.4,59.6,37.0,1.85,1006.1,1,2
21.7,35.7,20.9,0.54,1015.2,0,0
27.8,45.1,13.9,5.39,1006.9,2,2
22.4,25.2,8.7,1.08,999.1,2,0
27.9,29.6,26.8,0.61,1013.2,0,1
21.4,39.4,34.0,2.17,1003.1,1,2
22.6,25.8,28.6,1.57,999.8,2,1
6.0,79.2,5.0,1.66,1014.0,2,2
29.3,20.4,11.0,0.26,1011.7,0,1
24.8,51.5,12.1,0.76,1006.1,0,0
30.0,28.0,2.2,2.38,1014.8,2,1
-1.2,40.0,23.4,0.84,1016.4,0,2
38.7,80.2,25.8,1.38,1014.9,0,2
20.9,30.5,25.2,1.06,1014.6,2,0
30.9,82.8,22.3,2.22,1000.2,1,2
13.7,33.4,12.9,0.4,1023.3,1,1
26.9,68.2,8.4,1.03,1017.5,2,1
13.6,55.5,12.9,0.16,1005.4,0,0
17.0,77.5,21.1,1.41,1012.9,2,1
37.3,56.0,39.3,1.58,1014.4,2,2
20.5,54.7,17.7,0.05,1012.7,0,0
23.7,32.7,17.2,1.35,1027.3,1,1
29.0,30.8,2.4,0.64,997.4,1,1
26.0,79.6,22.1,0.16,1001.2,0,1
23.2,41.3,41.2,0.65,994.6,2,2
24.9,44.2,15.3,0.26,1013.6,0,0
41.2,69.4,14.4,0.64,1017.4,2,2
21.5,42.0,12.3,0.58,1015.9,0,0
23.6,81.9,27.4,1.61,1010.7,0,1
30.4,68.0,2.3,1.79,1016.3,1,1
30.8,58.8,37.0,1.12,1010.6,1,2
31.5,77.3,13.9,0.03,1018.9,0,1
27.1,23.2,22.4,3.21,1021.9,0,1
12.9,36.7,28.9,1.39,1005.6,1,1
35.1,50.2,7.5,0.04,1010.7,2,2
12.8,34.8,16.4,2.05,1012.0,1,2
24.4,68.4,13.7,0.27,1024.4,2,0
16.0,79.7,5.9,1.04,1006.5,1,1
21.5,47.5,33.8,0.75,1021.8,1,2
24.6,42.2,12.8,0.65,1001.3,2,0
24.6,82.5,5.7,2.65,1022.9,0,1
25.4,48.9,17.2,0.69,1019.8,1,1
34.9,51.8,4.2,0.09,1011.8,1,2
25.6,42.9,11.5,3.52,1020.3,1,2
20.0,79.1,20.8,3.04,1009.0,0,1
29.7,57.0,3.8,1.38,1005.6,1,1
31.5,69.5,26.2,0.76,1026.7,0,1
12.2,72.8,17.9,0.12,1008.7,1,1
26.8,42.2,29.1,1.88,1018.4,2,1
27.6,48.2,28.8,0.09,1021.9,1,1
19.6,75.2,11.2,0.09,1019.5,1,0
33.0,43.6,11.4,0.93,1017.8,0,2
20.8,71.6,23.6,0.21,1018.4,0,1
23.0,81.2,6.4,0.01,1021.5,0,0
20.6,60.5,6.5,0.66,1015.5,2,0
22.1,68.2,9.9,0.18,1012.7,2,0
13.2,72.3,4.6,0.21,1002.0,0,0
10.5,74.9,5.6,0.1,1015.5,2,1
34.8,45.7,5.8,0.28,1021.2,0,2
15.2,23.3,12.8,1.51,1004.2,2,1
14.1,46.1,12.4,1.99,1011.2,0,1
4.8,63.8,32.1,0.72,1016.4,0,2
16.9,49.3,13.0,0.85,1025.1,2,0
11.4,68.7,15.5,0.04,1003.7,1,1
35.1,43.2,50.5,0.09,1019.3,0,2
30.1,61.3,1.2,0.36,1010.1,0,1
16.5,32.1,19.3,0.94,1007.6,1,1
40.0,68.7,13.9,1.61,1005.7,0,2
29.9,55.5,20.8,1.11,1007.8,0,1
19.4,33.3,10.4,0.6,1017.0,2,0
2.0,39.0,13.0,0.15,1011.2,1,2
40.3,68.7,38.1,1.82,1018.7,0,2
10.9,51.4,23.4,0.54,1004.0,0,1
8.8,34.0,13.5,1.6,1018.6,1,1
30.2,82.9,8.5,0.86,1016.5,1,1
41.5,66.5,6.4,1.61,1000.9,2,2
33.1,82.2,11.0,2.85,1025.0,2,2
26.5,47.8,14.5,3.05,1015.7,2,1
26.8,50.9,50.3,0.92,1019.1,0,2
28.8,78.4,18.3,0.86,1022.2,1,1
28.1,54.1,9.5,0.37,1020.7,2,1
24.2,66.0,1.2,3.29,1012.0,1,2
22.8,36.4,8.3,0.73,1018.8,0,0
21.5,49.0,11.0,0.16,998.5,0,0
16.0,28.0,19.6,0.68,1016.2,1,1
19.8,33.4,11.4,0.16,1026.9,1,0
8.5,20.1,51.9,0.84,1007.4,2,2
21.2,22.6,13.7,0.99,1020.3,1,1
14.1,83.5,32.9,0.49,1027.2,2,1
13.2,35.8,3.4,0.09,1018.5,1,1
23.4,63.1,15.7,3.45,1021.2,1,2
33.1,74.5,8.4,1.78,1000.4,1,1
29.3,55.8,33.5,2.19,1005.5,0,1
9.4,30.0,12.0,0.55,1024.4,0,1
14.1,67.3,38.8,1.72,1020.7,0,2
29.5,59.0,26.0,0.8,1017.0,2,1
14.1,67.5,10.7,0.27,1010.9,2,1
20.2,70.0,6.3,0.16,1015.3,0,0
26.4,83.4,8.9,0.51,1026.9,0,0
14.3,57.3,13.0,0.18,1012.2,1,0
22.8,42.2,25.8,7.63,1018.6,1,2
11.3,62.2,16.2,0.06,1018.4,2,1
17.2,24.4,29.2,0.7,1007.7,2,1
24.6,78.3,40.9,0.72,1008.3,1,2
9.3,27.8,16.8,0.43,1025.2,2,2
25.5,41.3,6.9,1.02,1017.6,0,1
21.8,73.0,21.5,0.19,1007.6,1,1
26.4,58.8,55.7,1.84,1010.5,1,2
23.8,45.6,30.3,0.48,1005.1,2,1
32.9,50.8,20.3,1.07,1021.5,1,1
23.0,75.5,7.8,1.51,1011.0,1,1
18.6,42.1,14.1,2.64,1011.1,0,1
23.0,76.5,3.7,2.17,1019.7,1,2
26.3,25.7,5.9,1.12,999.6,1,1
22.4,70.5,21.8,0.59,1012.7,1,1
22.3,75.1,2.9,0.84,1012.9,1,1
16.4,31.8,12.5,1.76,1010.7,0,1
16.7,48.0,5.3,2.52,1008.6,1,2
10.8,30.8,6.2,0.13,1007.3,0,1
36.0,65.9,17.1,0.58,1015.3,0,2
12.0,54.8,8.9,1.8,1004.9,0,1
16.5,61.3,4.3,0.68,1014.3,2,0
16.3,32.8,10.4,0.48,1008.6,2,0
29.2,33.8,4.2,0.64,1009.1,1,1
19.6,22.7,37.2,1.11,1014.6,0,1
32.0,40.9,26.9,10.25,1009.0,2,2
16.6,56.4,26.8,0.82,1023.1,1,1
24.2,75.8,8.1,0.28,1011.9,2,0
15.3,63.4,22.3,0.21,1021.4,0,1
39.2,48.3,19.0,0.05,1006.9,1,2
12.5,82.0,8.7,0.98,1006.7,0,1
24.5,66.8,15.4,0.94,999.7,0,1
27.1,80.5,3.5,0.28,1009.1,2,1
25.3,54.3,6.4,1.43,1011.1,1,1
20.5,36.8,15.1,1.62,1013.6,1,1
21.0,23.4,10.9,0.36,1018.6,1,1
22.4,67.2,20.9,0.51,1018.0,2,0
20.8,27.9,8.9,5.58,1022.1,1,2
29.7,39.7,12.3,0.56,1005.9,2,1
39.7,54.6,16.0,1.72,1013.2,1,2
17.5,56.7,8.3,0.72,1005.0,2,0
11.0,59.0,12.1,1.89,1016.3,1,1
21.3,30.8,18.9,1.76,1027.4,2,1
42.6,44.7,44.4,1.32,1003.4,0,2
15.6,60.1,8.3,2.32,1018.5,0,1
35.1,83.0,11.0,3.36,1021.4,0,2
35.4,67.3,30.1,1.04,1005.9,1,2
17.6,80.0,35.3,0.33,1016.5,2,1
26.6,69.5,23.9,0.61,1010.1,0,1
35.0,58.5,34.7,1.7,1012.0,1,2
19.0,32.5,7.9,1.26,1009.9,2,1
20.4,63.3,32.5,0.23,1011.2,0,1
17.3,60.5,27.5,0.06,1022.2,0,1
13.9,59.2,6.1,1.38,1012.4,1,1
16.8,51.8,12.4,0.35,1008.2,2,0
12.2,54.4,1.7,0.83,1013.6,1,1
22.3,41.7,17.8,1.65,996.0,0,1
15.8,53.8,32.1,0.99,1006.5,1,2
23.9,32.8,10.5,0.1,1023.0,1,0
9.6,72.3,6.8,0.25,1011.8,0,1
24.6,32.1,6.4,0.3,1009.2,0,0
28.7,25.5,15.9,0.36,1014.4,2,1
6.1,48.4,23.7,1.0,1018.9,2,2
25.0,62.8,45.0,0.84,1023.6,0,2
31.8,48.5,1.5,0.27,1009.4,0,1
12.3,38.0,41.4,0.08,1009.6,2,1
35.4,56.3,18.6,0.23,1011.2,1,2
25.4,42.6,31.1,4.99,1021.2,0,2
16.4,80.6,26.4,0.76,1013.5,0,1
21.6,80.0,16.6,2.42,1030.3,1,2
26.5,52.7,16.1,2.27,1011.7,2,1
22.6,41.3,21.4,0.86,1027.1,2,0
26.3,67.9,13.2,1.47,1005.9,1,1
14.6,22.4,14.0,0.26,1001.9,0,0
23.4,50.9,24.5,1.4,1012.2,1,1
10.7,41.9,8.3,0.38,1022.1,0,1
21.1,79.8,33.1,2.14,1009.2,2,1
14.8,20.8,31.2,0.1,1008.1,0,1
16.1,55.9,11.0,1.78,1021.2,0,1
31.9,68.1,24.7,0.13,1018.6,0,1
30.7,51.5,22.5,2.56,1006.7,0,1
26.9,25.6,10.1,0.44,1006.2,0,0
13.3,83.2,26.0,1.27,1019.6,2,1
19.5,53.7,43.4,0.8,999.9,1,2
31.7,59.9,33.8,0.55,1021.6,2,1
23.1,35.4,4.3,1.24,1018.5,0,1
40.6,51.4,23.1,3.54,994.8,1,2
25.1,47.9,30.2,0.05,1013.1,0,1
23.5,24.9,9.5,3.01,997.2,2,1
19.5,26.9,33.1,1.13,1003.4,2,1
23.1,74.4,8.6,1.98,1009.0,0,1
20.8,35.6,13.1,0.58,1002.9,0,0
27.7,32.7,8.9,0.77,1030.7,1,1
29.7,52.8,7.7,2.44,1019.9,1,2
15.7,70.0,21.3,0.64,1023.9,0,0
11.4,24.0,4.7,0.92,1011.9,1,1
7.3,57.5,13.7,0.02,1013.2,0,1
26.1,27.7,21.3,0.21,1025.6,0,0
13.2,22.4,9.0,1.23,1016.5,0,1
4.8,23.4,37.0,1.51,1017.9,2,2
25.1,74.2,14.5,1.05,1005.7,0,1
41.9,27.7,48.0,0.19,1005.7,0,2
22.0,22.9,4.2,0.71,1015.1,0,0
28.7,48.5,22.0,0.53,1016.0,1,1
22.7,74.9,18.9,0.82,1005.0,0,1
21.2,37.1,12.0,2.45,1015.9,2,1
29.4,47.4,16.7,1.79,1003.2,2,1
19.7,22.6,24.3,0.11,1013.1,0,1
24.1,49.2,27.6,2.65,1001.5,0,1
24.6,57.5,14.9,0.77,1023.6,0,0
16.7,57.1,22.2,1.63,1010.5,2,1
29.9,41.6,8.2,0.18,1007.5,1,1
20.6,40.5,28.0,1.33,1003.8,1,1
16.0,26.9,41.9,0.32,1003.1,0,2
26.3,43.8,29.5,0.69,1016.5,1,1
14.8,26.5,9.0,0.02,1021.0,2,1
22.2,69.8,7.1,0.2,1020.2,0,0
21.9,82.8,68.1,0.12,1024.2,1,2
30.7,83.1,40.0,0.33,1027.0,0,2
25.8,76.2,27.7,0.13,1020.7,0,1
21.8,59.1,43.7,1.41,1009.0,2,2
28.5,65.6,16.3,0.04,1014.4,2,1
33.1,38.5,27.3,1.15,994.9,1,2
26.5,61.0,36.7,0.18,1018.1,2,1
22.1,49.6,13.2,3.48,1014.2,0,1
11.5,51.3,23.1,3.25,1025.8,2,1
13.5,69.3,34.0,0.31,1007.1,1,2
19.6,38.3,6.7,1.14,1017.1,1,1
17.1,40.7,12.2,0.03,1005.0,1,0
20.5,80.1,33.5,3.22,1012.1,2,1
22.5,23.7,19.3,0.89,999.9,2,0
26.2,51.6,17.4,0.05,1023.8,2,1
21.4,79.3,15.9,0.5,1021.4,2,0
25.9,59.7,35.9,0.1,1009.2,2,1
22.5,55.5,7.3,0.6,1015.1,1,1
6.2,36.2,11.5,1.33,1013.3,1,2
14.5,42.3,4.7,0.76,1008.1,2,1
20.8,75.4,12.9,0.58,1014.0,0,0
12.3,56.3,18.6,0.15,1009.5,1,1
26.8,53.5,2.4,0.34,1020.8,0,0
34.2,26.5,8.4,0.13,1011.3,0,2
31.8,21.0,19.3,1.98,1032.1,1,1
20.3,82.6,22.8,0.17,1012.4,0,1
33.9,44.5,50.3,1.09,1013.9,0,2
23.2,59.2,25.3,0.5,1017.2,1,1
19.3,25.2,14.5,0.31,1019.7,1,1
17.1,64.4,18.2,1.22,1013.6,2,1
19.6,80.6,18.7,0.73,1017.1,1,1
18.9,57.4,11.5,0.61,1014.5,0,0
23.4,28.2,19.9,1.08,1006.8,1,1
23.3,57.8,11.1,0.81,1004.6,2,0
22.0,69.8,20.6,0.43,1018.6,1,1
25.5,46.4,15.9,0.98,1025.1,0,1
31.5,77.2,14.0,1.33,1000.0,1,1
29.6,62.2,14.3,0.03,1001.5,0,1
10.1,78.5,28.2,0.75,1001.4,1,1
1.6,60.5,26.4,0.07,1019.2,2,2
29.5,28.5,13.4,0.25,1019.9,2,1
11.1,40.1,27.5,0.99,1005.2,1,1
20.2,33.1,15.7,2.41,1030.6,0,1
12.6,79.1,15.9,2.57,1009.9,2,1
7.6,69.4,11.5,0.09,1024.5,0,1
26.3,64.0,46.8,0.65,1019.5,1,2
28.1,39.6,43.6,1.05,1005.3,2,2
17.4,32.0,9.6,0.19,1009.7,2,0
1.3,69.2,12.8,1.74,1006.0,0,2
17.6,50.8,21.8,1.64,1002.2,2,1
25.1,34.7,24.7,2.8,1011.0,0,1
10.2,60.1,6.8,0.01,1003.4,0,1
23.5,22.6,7.9,0.29,1011.6,1,1
21.9,41.2,24.7,2.11,1028.5,0,1
26.6,50.5,4.3,1.33,1018.6,2,1
23.0,29.6,9.7,2.7,1008.5,0,1
14.2,84.0,30.4,0.07,1007.9,2,1
31.6,33.6,29.5,1.09,1009.8,0,1
20.7,28.5,45.2,1.01,1029.6,1,2
21.8,33.2,55.3,0.04,1004.3,1,2
14.5,70.0,86.2,0.86,1013.0,0,2
18.5,47.7,12.5,1.13,1016.7,0,1
14.9,56.8,10.2,0.25,1022.7,0,0
20.6,21.4,22.4,0.38,1010.3,1,1
35.7,22.2,4.8,1.23,1005.3,0,2
11.0,49.0,13.8,0.76,1015.3,0,1
9.1,73.1,18.6,2.34,1023.5,2,2
33.8,77.5,23.6,0.5,1010.8,1,1
20.3,25.6,25.4,0.37,1006.3,1,1
16.6,55.0,13.4,5.03,1013.9,0,2
30.3,79.4,5.5,2.9,1000.0,0,1
17.2,45.2,6.7,0.04,1011.3,2,0
36.6,73.9,2.1,1.77,1022.4,0,2
27.4,28.7,10.5,0.14,1020.0,1,0
18.1,80.8,4.7,0.03,1011.8,2,0
39.3,68.8,11.1,0.38,1026.3,1,2
17.2,81.2,22.2,0.38,1028.3,0,1
27.9,64.0,5.6,2.05,1018.3,2,1
24.4,43.6,17.8,1.49,1001.3,1,1
32.4,81.0,13.3,4.8,998.0,1,2
34.5,37.9,21.4,1.49,1024.1,1,2
22.3,41.6,25.1,0.65,1015.0,0,1
16.0,65.6,12.7,1.44,1026.1,0,1
25.7,69.7,16.7,9.03,1002.3,0,2
16.6,80.4,13.4,1.49,1011.7,0,1
38.1,33.3,11.4,1.72,1021.2,1,2
23.1,71.9,9.3,3.34,1007.2,2,1
19.1,68.0,23.5,0.14,1021.1,0,1
23.5,24.1,40.0,1.46,1012.0,2,1
11.2,45.2,36.8,2.28,1013.2,1,2
14.2,38.4,5.1,3.7,1003.5,0,2
31.6,39.8,39.5,0.28,1015.0,1,2
16.7,83.9,7.5,0.84,1030.5,0,1
13.6,61.8,18.6,1.37,1016.1,0,1
26.3,66.6,21.1,0.34,1006.7,2,1
31.5,83.5,3.9,1.1,1024.2,1,1
27.8,44.5,14.5,0.36,1006.9,1,1
30.0,72.1,41.1,0.49,1026.8,1,2
15.9,48.2,1.3,0.7,1002.8,2,0
10.6,76.5,71.5,0.9,1015.2,2,2
34.0,31.7,2.0,0.72,1025.2,1,2
19.4,81.6,20.7,0.82,1006.1,1,1
20.0,34.2,4.1,0.43,1013.7,0,0
32.6,41.2,23.1,0.21,1022.3,0,1
26.4,69.2,35.7,0.06,995.0,2,2
25.6,45.6,29.4,0.26,1020.4,0,1
39.3,59.5,32.7,1.05,1012.3,1,2
16.9,48.9,13.4,1.85,1024.5,1,1
29.4,68.3,40.9,0.22,1006.4,0,2
22.5,34.8,61.1,0.14,1001.9,0,2
24.1,23.8,17.9,1.66,1008.7,2,1
34.2,39.5,12.2,0.44,1008.5,0,2
26.1,50.8,8.5,3.63,1011.3,2,1
26.3,30.9,28.1,1.5,1009.3,0,1
30.6,43.1,33.8,0.47,996.9,0,1
19.1,46.0,12.2,0.41,1012.2,0,0
15.3,23.7,47.0,0.89,1014.9,0,2
13.6,57.9,26.5,0.1,1011.5,1,1
6.3,77.5,17.7,0.15,1015.3,1,2
38.4,29.9,21.2,0.23,1013.7,1,2
13.2,58.9,6.9,1.79,1001.9,0,1
20.2,63.2,27.9,0.87,1010.6,2,0
19.8,47.3,7.3,0.01,1013.9,0,0
24.5,65.6,11.0,1.34,1011.1,1,1
28.5,46.7,15.7,0.66,1001.1,2,1
28.9,52.8,54.9,0.86,1022.8,2,2
17.3,20.5,19.9,0.29,1005.2,1,1
20.7,65.0,8.0,0.96,1003.1,0,1
24.3,63.0,21.2,4.64,1013.3,2,2
20.0,22.5,25.3,0.09,1010.5,2,0
34.9,43.9,37.7,0.4,1017.8,1,2
25.9,83.6,16.4,0.33,1020.0,2,0
27.9,47.3,9.1,0.34,1018.8,2,1
27.3,52.6,64.6,0.57,1013.0,2,2
31.4,79.1,21.3,2.05,1017.4,0,1
23.4,66.6,8.0,2.93,1000.5,0,1
11.6,57.8,16.2,0.27,1021.8,1,1
25.2,71.9,11.0,0.94,1009.8,0,1
16.8,76.2,39.2,1.22,1028.8,2,1
17.8,49.7,25.2,0.89,1022.0,0,1
26.7,50.9,12.9,0.68,1011.4,2,1
31.9,45.1,33.8,0.26,1013.2,2,1
22.2,82.8,15.2,0.8,1022.5,0,1
24.5,65.3,16.0,0.62,994.9,0,2
35.6,25.4,8.9,1.9,1011.7,0,2
23.9,76.1,8.8,1.73,1026.6,0,1
42.8,51.2,61.8,0.17,1019.8,1,2
26.5,24.5,32.7,0.11,1006.3,0,1
7.9,55.7,2.5,2.87,1015.5,1,2
28.0,47.1,7.2,0.92,1005.2,2,1
25.0,77.1,5.8,2.34,1010.3,1,2
32.3,33.3,17.5,0.07,1015.7,2,2
27.4,73.7,11.9,0.9,1017.1,1,1
20.9,56.2,44.5,0.93,1018.8,1,2
12.2,23.5,12.8,2.37,1022.9,2,1
20.3,83.2,57.7,0.12,1003.5,1,2
15.2,53.3,15.6,0.33,1013.2,2,0
17.4,38.9,66.0,0.63,1006.2,0,2
26.7,50.5,14.2,2.41,1009.8,2,1
35.4,75.8,14.4,3.35,1007.0,1,2
25.2,39.8,32.2,5.91,1017.0,0,2
12.4,32.5,29.1,3.84,1021.4,1,2
25.6,28.4,4.9,0.01,1021.9,0,0
31.6,39.4,17.8,0.06,1004.2,2,1
17.1,70.7,11.8,0.19,1012.0,0,0
20.9,50.7,11.1,0.51,1003.9,0,0
22.1,34.8,17.7,2.13,1003.7,0,1
15.7,30.8,13.2,2.68,1007.7,1,2
27.2,41.6,19.1,0.25,1015.7,0,1
21.0,81.1,6.9,1.16,1017.2,2,0
25.4,42.3,3.8,2.99,1018.2,2,1
14.9,84.2,33.1,0.75,1017.7,2,1
18.5,51.5,36.7,0.13,1006.2,0,1
27.8,31.6,31.7,0.73,1022.5,2,1
19.0,77.9,17.1,0.57,1019.4,1,1
35.8,49.9,12.4,1.03,1009.7,2,2
18.8,66.1,9.9,0.69,1010.0,0,0
23.8,83.9,8.4,0.02,1007.7,2,0
29.5,23.3,15.6,6.14,1002.7,0,2
10.7,26.3,36.1,0.94,1018.3,0,1
7.9,66.8,9.2,0.77,1019.6,2,2
9.8,38.3,36.1,3.71,1005.6,1,2
32.1,32.0,4.0,0.2,1003.1,1,1
17.6,22.6,19.9,0.25,1005.5,2,0
42.5,21.4,23.0,1.98,1013.9,0,2
17.5,70.3,10.8,0.36,1001.9,2,0
23.5,28.7,6.5,1.93,1022.0,0,1
34.3,50.4,30.2,0.38,1021.5,0,2
38.0,59.4,17.2,0.04,1016.4,0,2
38.5,47.8,79.1,0.87,1019.5,1,2
31.7,21.8,36.4,0.26,1013.5,1,2
30.2,70.9,36.6,1.7,1016.7,2,1
26.7,20.7,0.9,1.23,1002.6,1,1
28.2,69.5,9.3,3.09,1024.1,0,1
17.6,78.1,5.7,1.83,1009.1,0,1
15.5,48.1,1.9,0.24,1012.0,2,0
22.0,54.8,16.2,1.93,1032.9,0,1
20.6,51.0,29.6,1.23,1011.2,2,1
18.4,45.3,7.1,1.33,1018.9,2,1
27.6,77.7,2.1,2.14,1017.1,0,1
29.6,78.1,7.6,1.02,1002.3,1,1
22.7,41.8,14.7,0.75,1005.0,0,0
33.8,60.0,13.8,1.21,1029.3,0,2
12.9,80.2,16.8,0.42,1017.6,2,1
20.5,82.5,22.7,0.24,1012.9,1,1
16.3,53.1,16.5,1.15,1008.7,2,0
7.1,49.4,30.8,0.32,1015.6,0,1
21.3,38.1,7.2,0.1,1016.3,2,0
21.0,82.3,13.4,0.0,1014.8,2,0
34.1,29.3,25.4,1.12,1021.6,0,2
27.0,57.7,20.6,0.54,1006.1,2,1
13.8,38.4,53.3,1.67,1005.0,0,2
36.8,38.1,7.5,0.56,1021.3,2,2
31.8,46.3,25.7,0.8,1029.9,1,1
26.7,84.9,9.8,0.63,1019.7,0,0
20.2,23.6,8.9,1.26,1023.4,1,1
14.3,57.6,35.0,0.53,1012.4,2,1
19.0,25.4,16.3,3.98,1015.1,1,2
30.7,30.0,20.3,3.3,1015.0,1,2
37.1,48.6,10.4,2.26,1012.6,1,2
34.3,53.2,11.0,3.04,1024.3,2,2
18.1,36.8,3.7,0.72,1021.9,0,0
13.0,40.6,19.1,0.92,1009.8,2,1
23.1,25.7,6.6,1.63,999.8,2,1
7.9,39.7,14.9,1.43,1012.5,2,2
24.6,82.8,30.8,2.66,1003.8,0,1
20.8,81.4,2.7,1.51,1013.2,2,1
18.3,41.8,92.9,7.39,1004.4,2,2
9.2,57.1,8.7,0.51,1023.1,0,1
26.1,79.1,15.2,2.15,1018.5,0,1
17.7,20.4,20.3,1.44,1018.3,0,1
12.6,72.7,8.5,1.41,1021.6,1,1
-1.0,81.6,11.3,0.47,1016.1,0,2
21.8,25.9,35.7,1.85,1017.4,1,2
36.2,30.5,28.5,2.77,1024.5,1,2
35.3,82.4,13.6,0.3,1011.9,2,2
18.3,54.9,16.6,1.18,1017.8,1,1
17.2,20.9,18.5,0.6,1004.6,2,0
25.8,36.7,24.9,5.47,1013.6,1,2
14.0,49.2,26.2,0.78,1031.1,0,1
24.4,65.0,25.7,0.31,1019.5,2,0
28.1,67.7,11.9,0.58,1012.3,1,1
31.8,84.7,18.1,1.27,1015.1,2,1
21.2,38.7,33.2,0.09,1012.8,0,1
20.4,55.0,64.5,1.11,1014.9,1,2
15.0,54.7,17.7,3.21,1009.8,1,2
15.4,46.4,10.6,2.28,1017.0,0,1
20.2,31.0,8.3,0.08,1017.2,1,0
24.9,83.5,25.9,6.02,1013.1,1,2
29.3,75.5,3.6,1.44,1014.1,2,1
15.6,52.4,26.1,0.21,1015.7,1,1
33.9,59.2,26.4,0.01,1008.8,0,2
19.8,34.8,10.9,0.23,1016.9,1,1
21.8,55.3,20.0,2.19,1019.2,2,1
16.0,65.2,14.0,0.03,1024.7,1,0
2.6,53.5,4.7,0.32,1015.5,2,2
29.1,84.4,24.7,1.7,1008.6,1,1
27.9,59.7,23.2,1.06,1012.2,2,1
19.7,44.1,11.7,1.83,1003.9,2,1
22.5,70.2,63.8,1.65,1018.8,1,2
26.1,31.1,16.7,0.06,996.5,0,0
9.5,45.0,2.4,2.68,1021.2,0,1
17.8,42.6,34.4,0.31,1022.2,1,2
28.4,48.1,29.1,0.97,989.6,1,2
12.0,70.8,31.5,1.24,1023.2,1,1
24.3,51.5,6.9,0.22,1021.2,1,1
11.1,71.6,19.6,4.49,1010.7,1,2
25.7,57.5,16.5,0.8,1003.5,0,1
21.7,42.2,14.5,0.07,1006.3,2,0
9.1,72.6,40.6,3.32,1006.9,2,2
31.3,35.5,16.9,1.06,1023.5,0,1
16.1,34.6,12.0,1.44,1009.4,0,1
15.5,52.8,11.9,0.89,1020.2,2,0
23.6,37.0,6.4,2.16,1012.0,0,1
31.2,20.6,18.2,0.04,1013.4,1,1
13.9,62.1,42.7,0.37,1000.4,0,2
22.5,53.2,12.8,0.76,1003.8,0,0
25.4,49.0,20.4,0.1,1023.3,0,0
27.5,82.9,14.3,1.47,1011.8,0,1
23.4,57.1,15.6,0.6,1015.4,2,0
19.1,76.1,30.0,0.38,1027.5,2,1
15.4,29.1,6.3,0.0,1012.0,2,0
22.7,57.0,3.9,1.53,1011.5,2,1
13.4,76.4,34.4,2.15,1022.6,1,2
-1.4,57.9,10.7,0.6,1013.1,1,2
25.5,66.7,12.1,1.0,1015.6,2,0
29.2,44.2,72.9,0.31,1021.0,2,2
3.1,26.0,28.9,1.17,1013.0,2,2
13.9,49.8,7.8,0.01,1019.3,0,0
27.0,45.6,36.0,0.8,1012.1,1,2
38.5,76.4,29.4,1.24,1020.8,1,2
22.2,35.9,0.2,3.0,1016.4,0,1
16.2,82.8,18.7,0.58,1011.2,0,0
20.5,82.3,6.6,1.74,1013.6,0,1
33.0,36.1,15.6,1.09,993.4,1,2
16.8,42.6,64.6,3.14,1022.6,0,2
15.6,78.2,30.9,0.61,1003.0,0,1
18.1,82.8,33.8,0.46,1004.4,0,1
14.4,48.8,14.4,2.62,1009.5,2,1
23.0,40.9,33.9,0.06,998.7,0,1
35.0,54.2,9.0,0.18,1016.7,2,2
24.6,64.7,18.5,0.1,1015.9,1,1
20.0,37.8,29.9,2.22,1009.1,1,2
19.7,67.9,29.2,0.01,1007.6,1,1
9.5,23.4,4.2,2.37,1007.5,2,2
29.1,23.2,55.5,0.72,1017.9,0,2
21.4,45.1,7.5,0.0,1000.3,1,0
20.6,43.0,81.4,0.62,1009.7,0,2
47.5,40.5,30.5,0.25,1000.8,2,2
24.4,51.9,28.7,1.18,1019.1,1,1
16.0,40.8,8.1,1.36,1010.3,0,1
18.6,32.5,11.1,0.8,1017.4,0,1
31.2,40.1,52.6,0.05,1023.0,1,2
22.9,83.4,48.1,1.28,1023.1,0,2
10.5,46.7,14.7,2.21,1004.8,2,1
29.4,48.9,13.7,1.53,1015.5,1,1
16.7,57.5,14.0,2.13,1022.0,1,2
37.0,83.9,36.2,0.27,1018.6,1,2
30.6,35.7,33.8,2.64,1019.4,1,2
18.4,64.3,22.2,0.47,998.7,2,0
32.2,66.5,18.7,0.02,1018.4,2,2
22.5,59.5,14.6,2.22,1006.7,0,1
28.8,25.8,77.2,3.41,1018.3,2,2
25.9,64.0,4.7,1.28,1018.1,0,1
15.2,24.2,12.3,0.32,1017.7,0,0
16.9,58.7,21.1,0.35,1012.1,1,1
30.2,68.1,3.8,0.75,1023.5,0,1
19.3,33.7,10.5,2.74,1017.1,1,2
18.8,74.7,64.0,0.19,1015.6,0,2
14.4,22.0,32.3,2.1,1005.5,2,1
25.4,74.8,10.4,0.41,1016.2,1,1
38.5,49.9,10.1,1.98,1028.8,0,2
13.5,34.1,4.8,3.03,1001.9,2,1
22.2,28.7,11.6,0.67,1018.8,2,0
33.3,82.0,25.1,0.55,1019.8,1,1
21.4,24.7,22.1,1.94,1026.8,1,1
25.6,32.9,12.2,0.9,1018.8,1,1
13.5,42.6,7.4,1.38,1013.1,0,1
25.4,60.3,14.4,1.17,1016.4,1,1
20.5,55.4,14.1,0.2,1010.9,2,0
29.9,28.2,29.5,2.24,1022.8,2,1
31.5,38.8,19.8,0.26,1000.6,1,1
42.7,35.5,17.9,3.23,1009.1,1,2
26.6,33.9,38.4,0.35,1016.6,2,1
24.6,46.7,47.8,1.59,1022.4,0,2
23.6,65.8,21.9,0.4,1012.9,2,0
19.2,34.1,22.3,0.46,1006.7,2,0
24.7,43.8,15.2,0.45,1011.3,2,0
19.6,45.4,8.0,1.65,1010.1,1,1
23.3,83.5,31.1,0.98,1010.4,0,1
32.5,82.1,27.0,2.57,1009.5,0,1
13.9,72.0,16.2,0.44,1009.5,1,1
31.1,35.7,19.9,1.41,999.3,2,1
32.5,24.4,36.7,1.68,1015.4,1,2
21.1,40.6,40.9,0.2,1018.4,1,2
5.0,37.3,1.0,0.61,1025.0,0,2
17.1,52.9,9.8,0.79,1019.9,0,0
32.4,70.6,16.1,0.53,1019.5,1,1
21.8,75.8,6.4,0.47,1015.4,1,1
14.0,74.9,20.3,1.39,998.9,0,1
18.0,43.4,10.3,0.29,1015.2,0,0
28.7,64.7,20.8,1.48,1013.9,2,1
26.4,40.3,10.5,3.28,1021.2,1,2
20.1,24.0,10.9,1.0,1017.5,2,0
19.1,65.6,20.7,1.13,1012.0,2,0
18.9,20.6,32.1,0.09,1028.7,2,1
14.6,46.6,25.9,2.4,1019.8,0,1
34.9,41.4,16.3,0.4,1015.7,2,2
19.4,65.1,2.6,1.15,1016.6,0,1
31.7,69.8,10.7,4.64,1013.5,0,2
34.2,39.8,9.7,1.09,1013.1,0,2
30.0,72.8,28.2,1.55,995.6,1,1
18.5,39.1,18.8,0.71,1005.7,2,0
25.2,49.0,19.3,0.07,1008.7,0,0
21.8,67.3,8.4,1.92,1016.6,1,1
14.8,65.0,42.0,0.04,999.8,1,2
24.6,84.2,19.2,1.45,1008.8,1,1
12.6,34.6,7.9,0.03,1007.8,0,0
31.5,63.1,8.4,2.38,1013.9,0,1
18.3,59.6,21.3,0.21,1016.6,0,0
23.6,79.5,7.6,0.87,1007.8,1,1
24.3,30.2,9.8,1.09,1008.4,0,1
19.9,68.9,6.1,0.73,1007.6,2,0
26.7,56.9,28.0,0.5,1009.9,0,1
18.2,37.9,7.8,0.76,1012.6,0,0
29.0,50.8,46.8,0.45,1023.5,2,2
11.2,41.7,23.3,0.69,1004.9,0,1
23.0,57.7,6.1,0.53,1027.0,0,0
37.5,77.8,25.7,1.0,1003.1,0,2
14.0,57.0,42.1,0.33,1020.6,0,2
16.6,61.1,15.7,5.37,1009.2,1,2
26.1,53.7,45.4,0.83,1005.7,0,2
23.4,23.3,23.6,0.26,1023.5,2,0
24.8,35.1,10.3,0.78,1013.7,2,0
25.9,52.0,64.7,2.42,1013.3,1,2
27.1,40.2,4.6,0.03,1010.8,0,1
30.9,31.8,12.8,1.37,1008.3,2,1
25.3,52.8,16.3,0.95,1011.6,1,1
20.1,41.0,57.6,0.22,987.2,0,2
27.4,36.8,28.5,2.04,998.2,1,2
37.2,50.2,25.2,0.55,1016.1,0,2
20.9,28.7,9.0,0.42,1022.5,1,1
14.2,80.3,15.2,2.11,1023.9,1,2
30.9,76.4,10.5,1.22,1005.3,2,1
21.0,66.0,24.6,2.74,1014.5,2,1
4.6,26.9,37.7,1.19,995.5,1,2
28.8,70.4,74.4,1.62,1010.2,0,2
17.7,72.5,11.5,2.17,1019.6,0,1
21.3,69.9,4.5,0.07,1012.9,0,0
24.7,27.4,13.0,1.8,1010.3,0,1
23.5,61.9,34.2,1.14,1012.9,0,1
27.7,74.2,8.0,0.09,1023.3,2,1
18.5,57.5,16.7,0.85,1011.0,1,1
26.1,62.0,25.4,0.1,1013.6,2,1
19.9,49.8,11.7,1.6,1025.2,0,1
27.9,54.4,19.8,0.95,1011.2,1,1
26.9,22.2,7.3,3.68,999.9,0,2
14.5,61.5,39.4,0.24,1023.9,0,2
30.7,25.3,13.8,1.12,1021.1,1,1
17.7,48.3,19.4,0.29,995.3,0,0
28.5,39.0,2.8,1.14,1012.0,2,1
24.9,55.5,6.4,1.54,1012.8,2,1
36.7,28.7,33.4,1.54,1023.9,2,2
20.2,65.0,11.5,2.03,1012.9,0,1
19.2,71.7,7.7,2.31,1014.3,2,1
21.8,30.6,4.1,0.1,1014.6,0,0
19.6,26.8,38.9,0.5,1009.3,0,2
28.4,29.5,27.6,1.39,1023.4,2,1
9.1,77.0,26.3,0.83,1006.7,2,2
13.6,54.3,49.6,0.25,1009.1,0,2
13.5,50.4,12.9,0.97,1013.0,0,1
29.6,26.9,4.5,0.63,1002.3,0,1
35.7,62.2,17.5,0.59,1027.1,0,2
21.2,76.4,56.0,1.99,1013.0,2,2
20.6,73.8,17.7,0.63,1019.6,0,0
22.6,60.7,37.0,0.03,1005.3,0,1
31.3,24.9,4.7,0.07,1018.7,0,1
14.6,27.3,8.8,2.33,1019.4,0,1
23.9,23.2,32.0,3.88,1020.5,0,2
29.8,36.7,19.1,1.4,1028.2,1,1
26.0,28.8,15.5,0.54,1008.5,1,1
23.5,36.9,36.6,3.35,1011.5,1,2
30.0,45.0,31.7,1.3,1006.2,2,1
0.4,81.3,19.5,2.23,1012.2,0,2
27.4,59.7,1.0,1.74,1018.3,2,1
16.8,74.3,16.9,0.57,1017.9,0,0
7.4,66.2,23.1,0.78,1026.1,1,2
26.1,27.3,2.9,0.25,1016.9,0,0
33.0,67.8,22.5,0.41,1013.0,2,2
20.9,37.9,37.8,1.81,1004.3,2,1
29.6,61.5,16.9,2.69,1019.9,0,1
34.9,42.2,6.9,1.55,1011.7,2,2
32.5,84.8,1.2,0.75,1020.1,1,1
35.1,37.1,22.9,0.11,1009.6,0,2
27.9,38.1,3.3,0.07,1022.6,1,0
22.6,80.5,26.2,0.56,1016.1,1,1
9.2,21.6,54.2,0.75,1020.9,2,2
20.0,65.3,9.2,1.13,1016.1,0,1
15.3,67.1,14.1,0.01,1005.6,1,0
39.4,74.4,56.2,5.49,1010.1,1,2
20.6,83.3,18.5,0.54,1002.8,0,0
23.0,83.4,11.6,2.26,1014.5,2,1
26.4,24.2,34.2,0.92,1001.3,1,2
22.3,73.4,12.2,0.17,1015.4,0,0
35.6,62.0,8.6,1.92,984.0,0,2
17.0,62.1,25.9,1.48,1019.5,1,1
23.6,28.3,36.1,0.9,1004.2,1,2
16.1,62.3,8.6,0.87,1005.4,1,1
11.4,83.9,19.7,0.11,1024.0,2,1
17.1,79.3,14.6,1.28,1015.6,2,1
21.7,48.5,16.5,2.91,1019.8,0,1
18.6,22.6,7.0,0.12,1005.0,0,0
16.5,43.5,27.3,0.37,1020.7,1,1
10.7,73.7,46.6,2.79,1011.9,0,2
21.3,65.6,8.4,0.4,1013.9,2,0
10.0,49.9,27.3,1.27,1024.9,0,1
28.1,23.6,33.6,0.92,1003.7,0,1
22.7,47.7,19.5,1.09,1020.3,1,1
10.3,50.5,26.5,0.64,1016.1,1,1
19.5,80.4,9.3,0.43,1011.3,2,0
16.0,61.7,44.9,0.06,1004.2,0,2
24.6,40.3,36.3,1.64,1011.2,0,1
32.7,54.1,39.1,1.64,1006.5,0,2
7.0,24.3,5.9,1.33,1022.5,1,2
22.9,83.2,24.1,1.24,1013.7,2,1
20.7,43.4,9.9,0.34,1007.6,0,0
27.4,51.1,47.5,0.03,1001.5,0,2
23.7,43.1,8.6,1.98,1009.3,0,1
16.0,64.4,20.1,0.81,1022.9,0,1
19.4,63.0,2.0,0.44,1013.9,2,0
15.6,66.5,20.1,0.13,1011.6,2,0
30.6,37.4,6.0,0.08,1026.6,2,1
22.2,40.5,25.0,0.51,1009.7,1,1
37.2,28.1,15.0,1.96,1006.5,0,2
21.5,62.6,12.5,3.01,1016.2,0,1
16.3,22.6,48.3,2.72,1016.4,0,2
9.9,58.8,67.7,3.03,1008.3,0,2
7.6,76.5,4.3,2.86,1006.6,2,2
9.3,77.9,12.8,0.9,1024.6,1,1
24.1,49.2,30.4,0.3,1009.5,1,1
26.1,49.9,22.1,1.92,1001.4,0,1
9.4,25.0,29.2,0.29,1014.5,2,2
29.2,63.6,15.8,0.37,1020.2,1,1
18.1,73.4,37.3,0.32,1011.5,1,2
23.2,35.9,19.5,0.87,1017.3,0,1
34.9,47.4,23.1,0.47,1004.6,1,2
29.2,74.5,6.0,0.2,1018.0,0,1
19.9,77.0,18.0,0.72,1005.4,2,0
14.9,35.8,30.6,2.48,1015.4,0,1
4.8,55.8,21.3,1.01,1019.1,1,2
16.2,32.5,18.6,2.53,1013.8,0,1
20.3,26.6,24.2,0.26,1003.1,0,1
14.1,79.2,19.4,0.22,1003.5,0,0
20.9,73.3,16.2,1.03,1025.7,0,1
22.6,69.4,31.3,0.75,1006.9,0,1
20.2,23.2,15.4,1.3,1019.1,0,1
16.8,74.8,5.6,1.9,1013.9,1,1
23.3,48.5,46.8,1.67,1005.0,0,2
25.5,42.3,10.2,3.42,1008.7,1,2
13.3,55.5,4.1,0.61,1026.6,0,0
33.3,25.9,26.3,0.28,1040.9,2,2
21.2,69.2,50.9,0.96,1010.5,0,2
22.2,57.9,26.8,0.14,1009.9,1,1
27.7,32.1,42.4,0.41,999.9,1,2
23.9,32.2,7.7,0.28,999.8,2,0
29.6,32.0,5.7,0.61,1006.1,0,1
24.3,23.7,12.8,0.14,1009.4,2,0
17.1,58.2,35.4,0.04,1012.8,0,1
24.9,74.6,25.1,1.28,1018.5,0,1
12.9,21.1,26.4,1.13,1014.8,1,1
22.9,23.2,18.6,1.48,1018.7,2,1
21.7,57.2,13.0,1.3,1008.1,2,1
20.3,73.3,19.3,0.15,1012.4,1,1
21.0,41.2,14.9,0.41,1010.1,1,1
6.9,42.7,12.3,0.17,1002.9,2,2
17.6,58.8,22.6,2.22,997.2,1,2
22.7,37.8,13.8,1.65,1007.6,0,1
23.3,21.7,20.7,0.27,993.2,2,2
13.8,67.8,2.3,0.5,1003.9,2,1
32.1,60.7,19.5,4.08,1017.4,1,2
15.1,57.7,13.8,1.08,1014.4,0,1
29.8,68.2,44.0,1.94,1013.2,2,2
25.4,63.9,3.9,0.37,1022.4,2,0
16.8,33.4,18.4,0.28,1007.2,0,0
36.2,42.9,30.9,1.84,1018.5,1,2
12.5,28.2,15.4,1.39,1006.5,1,1
29.4,28.4,13.4,1.37,1015.2,1,1
30.0,64.0,30.8,0.97,1014.2,1,1
16.6,75.8,24.7,0.99,1014.7,0,1
33.1,82.6,26.0,1.6,1009.9,0,2
20.0,60.8,12.3,0.38,1015.6,2,0
24.3,32.0,11.0,0.52,1016.2,2,0
24.1,26.9,20.8,2.46,1001.6,0,1
20.9,72.8,32.6,0.44,1019.8,2,1
28.5,57.6,4.9,0.95,1003.1,0,1
28.3,60.2,15.8,1.46,1006.0,1,1
8.0,70.8,11.5,11.39,1014.9,0,2
32.4,65.7,17.4,0.69,1017.8,0,1
8.7,74.2,28.9,0.67,1014.8,2,2
30.3,23.7,8.4,2.22,1015.6,0,1
31.0,68.6,26.7,1.96,1003.9,1,1
13.3,75.3,12.6,1.58,1008.8,1,1
18.7,38.6,36.2,0.75,996.6,2,1
13.2,61.6,8.9,0.47,1005.6,2,1
20.3,40.4,32.3,1.13,1002.3,0,1
19.5,82.3,5.5,2.51,1013.1,2,1
28.2,22.2,19.7,2.58,1031.8,1,2
32.5,57.7,27.1,0.14,1019.1,2,2
33.2,30.8,9.1,0.67,995.0,2,2
17.5,66.3,11.8,0.75,1000.9,1,1
20.3,31.4,17.5,4.56,1002.6,0,2
8.5,35.3,13.4,1.36,999.0,0,1
15.6,52.1,10.9,0.63,1010.7,2,0
29.7,79.5,31.1,0.03,1014.8,1,1
34.9,33.8,38.7,1.0,1002.7,1,2
12.1,29.4,37.2,0.12,1011.2,1,2
17.3,69.3,23.9,2.16,1014.8,0,1
21.8,52.5,26.3,1.68,1018.6,1,1
24.2,79.3,7.8,0.74,1014.2,1,1
15.5,29.5,16.3,0.67,1015.6,0,0
25.4,62.0,18.6,2.73,1012.7,1,2
18.2,35.1,21.3,0.41,1004.9,0,0
21.9,30.2,21.0,0.34,1006.6,2,0
26.4,64.4,17.5,3.36,1002.4,2,1
22.1,58.6,23.7,1.99,1025.0,2,1
18.5,69.1,20.4,2.06,1001.2,2,1
21.1,40.1,20.3,0.26,1020.6,2,0
21.3,49.1,9.6,0.19,1001.3,0,0
19.0,46.4,6.2,0.03,1019.1,0,0
19.9,84.0,21.4,0.32,1020.8,0,0
34.8,39.0,12.2,1.79,1022.2,1,2
26.5,39.2,10.0,0.33,1004.7,2,1
19.6,43.0,27.6,1.57,1014.3,1,1
27.6,56.7,16.4,0.35,1008.2,1,1
19.3,36.4,42.5,0.6,1005.9,1,2
31.4,79.5,25.5,4.9,1013.4,2,2
25.0,37.3,9.1,0.34,1019.5,1,1
21.1,78.2,27.8,0.57,1008.2,2,0
25.6,26.7,22.9,0.43,1015.6,2,0
9.4,62.7,8.8,0.14,1005.7,2,2
13.0,79.0,11.0,0.81,1004.7,1,1
12.4,31.0,26.9,0.57,1010.4,2,1
23.1,82.9,3.1,1.42,1010.9,2,1
35.9,49.4,1.9,2.04,1018.3,0,2
39.9,81.5,19.5,0.94,1003.0,1,2
27.1,64.0,18.4,0.04,1030.3,0,1
26.0,39.6,20.8,1.16,998.7,0,1
7.6,32.2,18.5,0.07,1014.8,1,2
17.7,39.7,23.5,1.15,1010.7,0,1
15.7,26.0,39.1,1.39,1007.8,2,1
17.0,29.4,17.2,0.26,1011.6,0,0
20.7,26.8,4.5,2.05,1018.4,0,1
18.2,47.5,2.7,2.9,1019.6,2,1
6.2,71.7,13.1,2.01,1011.3,0,1
28.0,29.2,13.4,0.44,1015.7,2,1
13.4,28.5,5.3,1.06,1002.4,1,1
23.9,61.8,1.5,2.96,1011.5,0,1
38.6,32.8,12.3,0.46,1016.2,1,2
14.6,26.3,50.7,2.06,994.7,0,2
1.8,30.8,22.8,0.01,1013.6,2,2
19.7,80.0,21.4,0.0,1011.7,0,0
30.8,73.4,15.1,1.71,1023.2,1,1
37.7,43.0,13.1,1.72,1014.3,2,2
12.2,62.6,24.5,1.87,1016.8,2,1
26.0,54.9,6.0,3.19,1010.8,1,2
18.3,64.0,59.5,0.15,1018.1,1,2
21.2,64.4,6.4,0.32,1017.5,0,0
43.2,60.9,26.1,2.81,1002.5,0,2
10.0,37.3,7.0,0.23,1015.5,2,2
24.0,22.5,18.8,1.38,1022.5,1,1
25.7,49.6,28.1,0.91,1020.9,1,1
30.7,77.9,3.7,0.1,1013.2,0,1
22.8,57.0,7.7,0.4,1015.6,0,0
24.5,74.1,8.2,0.88,1020.3,2,0
18.9,84.5,14.0,2.3,1003.9,1,2
24.2,30.6,20.6,1.48,1016.8,1,1
19.3,65.0,51.4,1.17,997.2,1,2
27.0,63.8,10.9,0.82,1019.9,1,1
19.0,83.7,49.2,0.43,1009.9,0,2
25.0,84.1,22.3,0.15,1012.3,0,1
21.8,64.6,6.2,0.63,1008.6,0,0
31.0,35.8,15.1,0.03,1012.7,2,1
21.6,71.9,4.6,0.28,1015.0,1,1
7.8,27.0,13.1,0.68,1019.0,0,1
32.1,70.7,12.4,0.65,1023.4,1,1
14.8,79.2,19.1,0.05,1013.4,0,0
16.8,44.9,26.1,1.07,999.7,2,0
17.2,61.0,16.0,0.96,1023.4,0,1
33.0,48.0,6.9,0.1,1001.2,2,2
4.9,48.5,42.4,3.44,1009.6,1,2
47.1,40.2,53.5,0.13,1009.1,0,2
30.4,69.5,14.9,2.32,1013.1,0,1
23.8,80.9,21.6,0.0,1002.9,0,0
21.6,81.1,14.2,2.57,1002.5,1,2
24.3,31.4,19.2,0.02,1012.8,2,0
26.2,76.9,19.9,1.7,1006.6,2,1
27.2,67.9,5.4,0.54,1023.8,0,1
26.4,36.4,13.3,1.61,1008.6,1,1
22.7,24.4,34.2,0.62,1004.8,2,1
20.4,37.4,32.2,0.09,1026.4,2,1
20.8,79.3,13.1,1.75,1016.8,2,1
20.4,61.2,20.2,0.09,1034.7,2,0
31.1,66.9,13.9,3.06,997.6,2,1
26.7,36.7,26.8,0.06,1014.7,0,1
-1.5,66.8,3.6,0.78,1016.9,0,2
27.2,21.8,24.5,1.54,1013.2,0,1
23.6,44.4,44.3,0.6,1010.1,2,2
21.9,60.7,9.5,0.29,1023.0,2,0
18.9,29.5,40.4,1.71,1016.7,2,1
31.0,73.5,21.0,1.84,999.5,0,1
29.6,35.3,16.0,3.07,1006.0,2,1
15.8,62.4,13.0,0.57,1003.7,0,0
25.3,46.3,41.3,0.85,1012.0,2,1
14.2,58.7,13.9,0.54,1020.6,0,0
11.0,27.0,48.8,0.36,1010.0,1,2
17.0,21.1,45.1,1.67,1011.0,2,2
28.9,79.1,11.6,0.5,1005.2,2,1
29.6,37.5,14.7,0.67,1019.1,0,1
26.1,73.3,2.5,0.62,1022.9,2,1
27.8,85.0,16.4,1.5,1012.7,0,1
26.1,33.7,18.0,3.0,1025.6,0,1
16.9,37.2,36.7,1.32,1008.6,1,2
25.5,63.1,46.7,0.77,1001.8,1,2
28.4,82.8,28.6,1.81,1019.4,2,1
28.0,79.5,34.7,1.23,1012.2,2,1
31.5,52.7,14.7,0.08,1008.4,0,1
27.7,71.7,5.8,0.12,1013.6,0,1
24.8,28.8,20.9,0.05,1000.3,0,0
30.6,83.5,36.3,0.73,999.0,0,1
21.8,82.7,0.7,2.1,1013.7,2,1
14.9,30.6,18.7,0.45,1016.5,1,1
20.7,39.5,2.9,0.58,1024.2,2,0
16.0,26.5,8.9,2.88,1020.1,2,1
16.6,37.7,19.2,2.18,1018.1,2,1
20.8,73.0,47.2,1.31,1023.2,1,2
15.7,44.6,17.3,0.37,1016.9,2,0
19.5,25.7,27.3,0.15,1010.2,1,1
6.9,42.2,20.8,0.02,1020.3,0,1
23.7,83.8,9.3,0.14,1020.0,2,0
22.0,60.9,23.8,0.42,1012.9,0,1
15.5,47.1,5.6,0.96,1003.4,0,1
27.3,30.8,17.1,0.08,998.7,0,1
29.5,84.1,40.8,0.18,1019.7,2,1
9.1,73.4,19.6,0.24,1016.8,0,1
15.9,38.3,20.8,1.2,1018.0,2,0
15.8,24.6,13.1,1.15,1020.0,0,1
14.5,23.7,3.9,0.96,1005.8,2,1
28.6,27.8,14.3,0.35,998.0,2,1
20.4,57.7,31.1,0.56,1017.1,2,1
19.9,80.4,22.7,0.12,1022.6,0,1
6.0,52.3,5.9,0.31,1015.8,2,2
27.1,74.8,2.8,2.74,1001.1,0,1
12.1,49.0,9.2,4.68,1014.9,1,2
22.5,66.1,14.4,1.25,1004.0,0,1
24.2,67.6,15.2,2.98,1000.7,0,1
32.9,31.3,15.4,1.24,1012.9,2,2
11.5,43.5,17.2,0.04,1014.3,0,1
-2.2,61.4,23.3,6.88,1012.2,1,2
23.5,24.6,12.4,0.13,1016.5,2,0
36.4,43.5,7.6,1.38,1006.7,0,2
31.9,54.8,25.2,0.35,1013.7,0,1
23.7,84.8,31.6,0.6,1009.1,2,1
18.1,50.8,10.8,1.25,1011.0,2,1
28.5,73.0,59.7,0.69,1015.1,0,2
14.2,48.1,45.6,0.35,1021.5,0,2
25.8,71.8,6.3,0.49,1015.3,2,0
26.0,58.7,3.0,0.5,1018.0,2,1
30.5,77.6,14.9,3.84,1013.1,1,2
44.1,46.7,20.9,1.92,1016.9,1,2
25.1,59.3,59.2,0.74,1021.3,1,2
17.9,61.0,57.9,0.27,1028.0,2,2
21.8,47.1,27.4,2.0,1022.7,2,1
7.8,29.4,12.6,0.21,1012.6,2,2
16.4,26.1,37.8,0.28,1022.2,0,1
18.7,21.1,18.8,0.55,1017.4,2,0
17.8,76.8,5.1,2.55,1008.1,0,1
23.2,35.4,5.3,0.17,1017.5,2,0
15.4,33.7,12.6,0.16,1004.0,2,0
31.0,67.8,33.6,0.82,1017.5,0,1
22.0,40.8,6.9,0.39,1027.0,2,0
21.9,52.9,12.6,1.01,1019.6,2,0
19.4,30.6,45.3,0.72,1022.6,2,2
23.2,82.4,22.7,0.69,1010.0,1,1
28.6,75.4,24.7,0.14,1016.8,2,1
15.1,76.1,34.5,0.18,1018.6,0,1
16.7,46.4,12.8,2.06,1010.6,0,1
19.6,69.6,47.4,2.6,1018.5,0,2
11.2,29.4,28.0,0.32,1016.6,2,1
15.4,20.6,15.6,0.14,1018.6,0,0
18.2,21.3,41.5,0.07,1004.8,1,2
29.0,58.1,27.1,1.12,1023.2,0,1
24.1,49.6,16.8,1.51,1016.6,2,1
23.5,53.7,25.2,0.56,1012.1,1,1
28.8,20.5,8.2,1.37,1012.2,0,1
20.9,47.5,37.9,1.5,1012.7,1,2
25.1,66.7,58.5,3.29,1006.4,0,2
21.2,48.8,3.7,0.08,1022.5,2,0
24.1,67.6,10.7,0.26,1020.7,1,1
17.3,35.1,10.0,0.09,1021.2,0,0
2.5,72.9,29.2,2.43,1025.1,0,2
20.9,58.2,20.1,1.89,1014.5,1,1
33.4,33.7,12.1,1.03,999.8,1,1
29.4,35.4,13.7,0.1,1018.0,1,1
29.7,60.8,11.2,0.38,1017.7,1,1
31.9,73.9,26.7,0.42,1025.4,0,1
22.7,47.0,19.8,0.99,1021.7,0,1
23.6,36.8,13.1,0.36,1014.1,0,0
17.1,76.4,11.4,0.09,1011.8,2,0
19.5,63.5,42.0,1.57,1021.0,1,2
26.9,49.1,37.3,0.43,991.8,0,2
31.6,51.7,26.9,0.72,1014.9,1,1
20.9,33.3,34.6,0.16,1020.6,1,2
18.4,60.7,5.2,1.95,1012.0,0,1
22.0,43.3,6.8,1.0,1009.9,1,1
26.8,84.7,6.1,2.78,1015.4,1,2
10.4,51.2,17.2,0.82,1023.8,1,1
3.6,51.6,35.4,3.4,1016.6,1,2
17.6,56.8,12.3,2.67,1007.6,1,2
12.2,79.6,38.7,1.03,1022.7,0,2
17.9,72.1,10.7,3.26,1024.3,0,1
20.8,49.3,15.5,0.47,1006.5,1,1
18.4,66.7,12.1,0.55,1035.4,1,1
33.6,58.1,14.6,0.06,1013.0,1,1
24.6,52.0,15.8,1.07,1020.6,2,0
24.4,32.5,2.9,1.54,1018.8,1,1
27.0,50.2,22.3,1.78,1007.4,2,1
12.9,36.0,15.5,0.19,1009.4,2,1
30.3,79.5,47.3,0.7,1013.5,2,2
21.4,41.8,26.0,0.23,998.0,0,1
27.4,81.9,21.6,1.3,1019.6,2,1
13.4,54.6,45.4,0.21,997.8,1,2
9.6,61.1,42.4,2.81,1013.1,1,2
28.5,55.3,48.7,0.31,1007.6,0,2
25.0,28.4,11.2,0.41,1017.6,0,0
14.8,44.4,6.0,2.28,995.4,1,2
15.0,26.4,2.9,0.74,999.7,0,0
31.0,60.5,34.3,0.03,1008.2,0,1
12.5,49.0,2.4,0.82,1017.2,2,1
35.1,70.6,20.1,0.11,1014.8,2,2
14.8,34.3,4.1,5.07,1021.4,0,2
27.1,30.7,37.7,1.06,1013.9,1,2
19.4,46.4,24.5,0.36,1012.9,2,0
26.8,80.2,37.6,1.0,1004.4,1,2
17.6,66.2,20.4,0.1,1011.2,0,0
20.7,47.2,7.5,1.93,1012.8,1,1
22.3,53.6,11.9,3.11,996.6,1,2
14.0,25.5,32.0,2.49,1005.9,1,2
27.9,84.0,3.7,0.5,1016.7,1,1
17.9,63.3,11.1,0.47,1014.4,0,0
20.2,38.6,9.8,0.04,1011.0,0,0
14.0,58.1,16.0,1.26,1008.1,2,1
1.5,27.1,26.6,0.92,999.1,2,2
20.5,82.8,36.9,0.74,995.6,2,1
41.3,31.4,4.8,2.86,1010.5,2,2
28.3,62.1,8.0,0.22,1024.9,1,1
21.8,36.0,5.4,0.01,1013.3,2,0
19.9,66.6,16.5,0.09,1021.2,2,0
22.2,70.5,6.1,0.3,1003.6,1,1
26.4,63.8,22.1,0.04,1015.3,0,1
12.6,59.9,40.4,0.84,1007.4,2,1
30.9,78.0,3.0,0.45,1007.1,0,1
27.7,25.1,8.3,0.24,1019.0,2,1
27.7,41.5,49.0,1.66,1012.0,0,2
25.5,36.1,19.7,0.27,1001.9,2,0
22.2,84.2,11.3,1.4,1013.8,0,1
27.4,45.3,84.0,0.52,1007.3,0,2
26.7,67.6,13.6,0.86,1001.4,2,1
19.2,64.5,25.9,3.26,1005.0,0,1
17.4,33.8,8.6,0.05,1029.4,2,0
22.8,35.5,7.3,0.83,1022.7,2,0
34.4,38.3,27.0,2.31,996.9,1,2
12.1,46.7,52.0,1.06,1011.5,2,2
10.3,35.2,11.7,0.39,1012.1,2,1
23.3,21.3,6.8,0.61,1010.9,2,0
22.4,77.2,33.9,1.37,1007.7,2,1
23.4,82.8,11.8,2.66,1019.0,1,2
24.0,42.2,22.3,0.05,1020.5,1,1
20.2,42.0,11.4,0.09,1021.4,1,0
33.9,20.5,13.0,0.47,1015.6,1,1
9.2,64.2,8.0,0.32,1017.9,0,1
15.4,73.7,27.5,0.37,1010.2,2,0
21.2,29.5,22.8,0.3,1000.4,1,1
8.9,30.4,22.3,0.26,1000.2,2,2
20.6,71.4,9.4,0.17,1006.2,1,0
35.3,60.1,21.4,3.26,1011.4,2,2
22.2,22.9,56.7,0.19,1002.7,0,2
23.8,60.5,6.8,0.27,1004.0,1,1
11.9,40.1,8.7,0.34,1010.0,0,1
17.1,44.0,9.1,3.24,1019.9,0,1
19.0,70.0,18.4,1.69,1015.7,2,1
19.5,72.7,6.4,1.87,1006.1,1,1
32.3,46.0,24.6,0.13,1013.4,0,1
26.5,81.6,2.7,2.17,1002.4,2,1
13.1,46.4,29.8,0.63,1006.1,2,1
24.0,70.2,22.0,0.37,999.7,2,0
26.0,51.5,55.9,1.03,1016.4,0,2
31.1,78.3,7.1,2.07,1010.7,2,1
34.6,79.0,34.8,1.81,1011.7,2,2
13.9,25.7,15.6,2.65,1019.4,2,1
15.5,80.9,13.3,3.16,1005.0,0,1
11.9,73.7,6.8,0.33,1016.7,2,1
20.1,71.4,11.5,0.66,1028.9,0,0
25.7,33.1,12.0,0.02,1005.1,2,0
29.9,72.3,4.1,2.54,1000.5,0,1
21.4,75.3,21.8,0.2,1002.9,0,0
19.4,38.8,19.7,2.37,1016.1,1,2
23.2,81.9,25.8,0.48,1027.0,1,1
15.3,23.2,10.3,0.55,1026.6,1,1
38.7,29.7,30.6,0.05,1019.8,0,2
9.1,54.9,41.9,0.47,1020.0,2,2
23.5,57.4,14.1,2.63,1016.7,2,1
38.2,61.9,7.3,0.03,1018.8,0,2
22.1,21.1,17.7,0.63,1015.4,2,0
20.5,82.4,17.1,0.04,1006.6,0,0
19.1,22.9,14.7,0.56,1026.7,2,0
20.6,29.3,25.8,0.23,1023.7,0,1
33.0,20.9,12.7,0.35,1006.8,1,1
4.3,56.8,6.8,2.52,1018.2,1,2
34.3,80.6,18.9,0.69,1024.7,2,2
10.6,63.3,26.7,0.38,1016.3,2,1
19.9,73.5,28.3,1.07,1011.4,2,1
18.6,20.9,12.1,0.18,1024.4,2,0
26.7,55.2,21.0,0.36,1015.0,1,1
9.2,49.9,42.4,0.95,1008.0,1,2
25.7,52.4,35.5,0.33,1003.8,0,1
38.2,24.7,3.8,1.36,989.6,2,2
11.1,64.5,12.8,0.81,1028.8,1,1
23.5,52.7,40.5,1.77,1006.3,0,2
16.7,69.7,3.8,3.55,1020.7,0,2
25.4,51.5,16.0,0.15,1005.6,0,0
22.2,29.7,10.2,0.49,1014.3,1,1
16.9,62.1,21.3,0.46,1016.6,0,0
25.9,31.2,1.7,0.2,1003.1,2,0
36.4,76.7,37.9,1.99,1020.7,0,2
20.5,59.9,16.6,1.71,1011.4,0,1
27.8,30.2,6.3,0.79,1017.4,1,1
11.7,82.6,9.0,0.93,1024.6,0,1
14.3,53.7,21.9,0.07,1018.9,1,1
25.8,24.7,8.4,0.97,1012.2,1,1
33.9,60.7,50.9,1.88,1028.6,2,2
24.8,36.5,15.2,1.02,1012.6,0,1
19.5,72.2,44.9,0.37,1013.7,2,2
22.0,73.2,19.0,1.32,1011.7,2,1
12.0,83.6,27.5,0.54,1003.2,0,1
26.8,52.6,26.3,0.94,1002.3,0,1
29.1,49.6,11.3,0.8,1008.6,1,1
18.4,69.0,27.7,0.58,1004.9,0,1
18.2,28.6,12.1,1.52,1010.8,1,1
24.1,55.5,3.4,2.58,1019.6,2,1
18.5,55.5,14.1,0.01,1009.7,2,0
21.5,25.8,5.5,3.25,1014.8,1,2
38.8,47.2,11.7,0.86,1009.0,0,2
20.0,75.5,16.2,1.45,1033.4,0,1
19.1,75.6,7.5,2.32,1025.1,1,2
16.8,26.5,25.0,0.76,1011.0,2,0
28.0,25.9,12.0,2.16,1015.2,1,2
20.6,37.1,5.3,0.23,1002.3,0,0
16.8,76.9,7.6,0.21,1011.3,0,0
32.6,28.4,18.1,1.29,1008.2,1,1
33.4,66.8,13.6,2.45,1018.9,0,2
17.2,26.6,20.7,2.68,1005.6,2,1
7.1,60.5,18.2,1.24,1026.3,1,2
30.1,43.1,7.0,0.89,1012.5,2,1
16.5,71.3,9.9,0.48,1006.0,2,0
28.3,35.2,30.5,4.69,1013.3,1,2
6.2,61.5,8.1,0.46,1018.9,1,2
29.1,35.3,45.6,1.64,1017.2,0,2
12.3,66.4,4.2,0.91,1014.3,0,1
27.8,76.8,29.8,1.13,1020.0,1,1
22.1,28.2,15.4,0.6,1019.5,1,1
14.4,76.3,7.0,4.02,1019.6,0,2
18.7,58.6,17.7,1.02,1010.8,0,1
27.5,28.3,8.3,3.33,1010.7,0,1
22.8,47.8,10.5,0.01,1011.3,1,0
26.7,30.5,12.2,1.02,1009.0,1,1
37.8,65.5,28.2,1.52,1013.8,0,2
9.5,69.3,9.8,1.64,1013.0,2,2
34.9,26.9,19.8,2.82,1026.2,2,2
22.8,52.9,28.9,0.01,1009.0,0,1
14.8,73.0,17.4,0.0,1005.1,1,0
11.4,80.9,22.1,0.77,1018.2,1,1
20.5,53.4,16.1,0.04,1013.6,2,0
29.4,81.8,24.6,4.4,1007.5,0,2
21.0,54.8,5.2,0.3,1019.3,2,0
34.1,45.6,42.9,0.77,1010.8,2,2
10.4,75.1,9.3,0.08,1025.2,0,1
21.9,52.0,15.5,0.89,1005.4,2,0
12.0,50.7,2.3,0.57,1008.4,1,1
24.9,51.9,10.9,0.05,1014.0,2,0
29.1,75.0,20.4,0.49,1023.9,0,1
18.6,74.1,46.8,0.6,1007.3,1,2
1.2,46.2,25.4,5.52,1016.0,1,2
23.6,41.7,11.7,0.28,1003.7,2,0
25.5,52.0,3.9,0.94,1020.3,1,1
25.2,57.2,39.6,5.24,1007.8,0,2
31.9,35.5,11.2,1.88,1018.0,2,1
13.4,71.6,20.4,6.02,1018.4,1,2
27.4,51.6,11.7,4.14,998.5,0,2
31.5,41.7,22.3,0.81,1014.7,2,1
7.8,26.9,38.4,1.43,1009.0,0,2
24.6,35.5,27.9,0.14,1017.0,1,1
18.0,81.7,13.4,0.7,1006.0,2,0
21.3,39.8,40.2,1.99,1008.3,2,1
24.8,31.0,53.7,0.84,1022.6,1,2
18.1,49.9,33.0,1.46,1022.0,0,1
16.6,40.0,12.0,1.64,1005.0,1,1
22.3,22.3,29.8,0.35,1027.4,2,1
13.3,41.0,32.8,2.5,992.3,2,2
13.3,55.4,13.6,0.74,1014.7,1,1
27.4,55.9,53.7,0.28,1002.7,0,2
12.8,43.2,37.2,2.41,1016.0,1,2
27.3,49.1,14.2,0.65,1010.9,0,1
25.7,82.8,12.0,1.67,1004.9,0,1
8.2,44.5,32.3,0.95,1007.1,2,2
16.6,36.8,63.4,0.58,1006.7,0,2
31.6,35.8,5.5,1.99,1013.6,2,1
14.2,49.8,23.0,1.05,1020.8,0,1
18.3,69.4,29.4,0.59,1028.7,0,1
25.7,33.4,38.2,0.14,1011.6,2,1
28.3,66.1,29.7,2.71,1015.4,0,1
20.0,21.4,11.3,0.04,1022.5,1,0
17.2,47.2,4.9,2.39,1009.4,0,1
33.4,70.4,13.1,0.54,1006.7,2,2
35.9,42.0,29.0,1.22,1028.6,2,2
29.8,56.6,10.3,3.06,1011.6,1,2
22.7,33.3,42.3,0.2,1014.7,0,2
15.5,68.2,15.1,1.0,1000.2,1,1
15.4,23.4,9.8,1.73,1008.8,0,1
26.2,75.4,24.9,1.7,1028.1,1,1
25.3,32.9,13.9,0.89,1016.7,2,0
33.2,76.8,11.7,1.18,1012.8,2,2
27.2,42.9,58.4,1.7,1024.1,1,2
10.0,67.0,10.3,2.21,999.8,0,1
30.4,40.7,12.7,1.72,1009.7,0,1
14.0,78.9,25.2,0.52,1031.2,2,1
18.9,28.2,41.8,6.87,1012.6,0,2
24.0,31.6,23.5,0.68,1012.5,1,1
38.0,52.0,18.0,0.03,1022.4,1,2
46.9,25.3,62.9,0.54,1023.0,0,2
26.9,32.7,12.2,0.16,1002.6,2,1
20.5,81.3,12.3,0.16,1016.4,2,0
26.3,83.5,10.4,0.4,1027.0,2,1
29.1,44.5,22.5,0.07,1007.9,2,1
19.4,80.0,8.0,1.4,1010.0,2,1
36.4,55.4,6.2,0.09,1013.2,1,2
23.8,37.5,12.7,0.27,1018.6,0,0
26.0,65.7,3.7,0.12,1001.6,1,0
27.3,62.8,20.4,0.08,988.1,2,2
25.4,84.3,22.5,0.37,1014.7,2,0
28.7,37.2,25.3,1.02,1022.3,0,1
17.1,63.7,30.7,4.01,1010.5,0,2
17.5,23.4,13.0,2.5,1008.1,0,1
13.2,27.4,38.6,2.5,1011.7,1,2
25.5,20.3,36.1,0.23,1025.8,0,1
28.2,85.0,7.0,0.37,1007.7,1,1
25.7,72.1,16.2,0.1,1017.6,2,0
35.4,71.1,1.3,1.81,1003.8,1,2
22.0,53.1,39.0,0.09,1004.2,0,2
27.3,39.5,30.4,0.98,1019.8,1,1
13.3,29.8,45.1,0.34,1026.1,1,2
18.9,38.5,4.2,0.33,1020.1,1,1
27.6,44.4,24.0,5.62,996.6,0,2
28.8,69.2,11.0,1.7,1009.6,1,1
19.6,55.1,2.3,2.18,1014.9,0,1
21.4,25.0,33.5,1.02,1013.5,1,2
9.9,21.2,5.7,2.46,997.6,1,2
19.1,26.7,21.8,1.24,1002.6,1,1
29.1,46.7,10.9,3.51,1006.6,0,2
26.6,80.7,19.1,0.4,1012.5,0,0
26.0,61.4,31.0,1.09,997.5,0,1
22.4,72.1,19.2,1.41,1017.8,2,1
22.1,50.3,7.8,0.6,1012.3,0,0
16.7,43.5,59.3,2.54,1004.7,1,2
27.6,27.0,13.1,4.68,1014.5,2,2
25.4,76.9,9.2,0.82,1001.5,0,1
25.9,70.9,15.8,0.59,1012.6,0,0
17.8,30.9,4.3,0.77,998.6,2,0
4.8,53.3,10.0,2.3,999.8,2,2
30.8,51.7,13.7,1.24,1009.4,0,1
18.2,60.6,20.3,0.05,1007.3,2,0
15.1,81.5,17.5,0.94,1016.1,1,1
27.5,57.7,24.0,0.02,1012.9,1,1
18.9,55.1,16.3,1.81,1029.8,1,1
30.5,23.3,35.8,0.48,1010.9,0,1
26.9,24.1,27.0,0.77,986.6,1,2
27.5,32.2,22.7,1.92,996.7,2,1
11.1,22.1,39.8,0.06,1003.4,1,2
31.7,68.3,39.8,0.21,1040.1,2,1
24.1,67.0,18.5,0.61,1012.7,1,1
19.0,28.8,12.6,0.31,1021.9,2,0
23.1,74.3,19.8,0.49,1021.1,1,1
7.8,30.1,15.2,7.57,1002.9,1,2
25.3,39.6,12.2,2.09,998.7,1,2
13.8,36.2,19.2,2.58,1018.1,2,1
11.2,44.2,22.2,3.32,995.2,2,1
9.8,36.6,26.1,0.5,1020.8,1,1
30.9,51.8,44.1,0.42,1012.1,2,2
17.0,46.5,20.6,0.32,1017.9,2,0
34.3,84.1,16.6,2.13,1015.4,0,2
17.7,23.6,32.9,1.37,1015.9,1,2
8.3,29.2,8.5,0.32,1013.8,2,2
13.1,23.4,3.7,0.57,1015.3,2,1
31.9,60.7,23.7,0.85,1013.4,2,1
20.8,23.5,13.1,0.9,1002.0,2,0
17.6,74.4,13.9,2.63,1009.8,0,1
23.3,53.3,8.3,0.57,1030.4,2,0
26.0,54.3,37.5,2.87,1015.5,2,1
30.9,56.5,3.9,0.7,1022.1,0,1
33.6,31.1,25.5,1.65,1005.1,1,1
19.1,32.8,16.8,3.2,1005.0,1,2
11.4,40.7,46.0,2.86,1003.4,0,2
18.7,58.6,33.0,0.07,1002.3,1,2
24.1,33.7,6.5,0.28,1000.0,1,1
14.3,27.6,27.0,0.78,1014.9,0,1
14.3,83.1,23.3,0.68,1010.2,2,1
24.8,21.4,15.8,1.23,1020.0,0,1
21.6,72.2,25.6,3.47,1010.5,0,1
22.3,71.2,9.9,0.14,993.8,0,2
15.9,39.3,18.0,0.72,1016.5,0,0
20.2,28.8,17.0,0.26,996.8,0,0
14.6,29.5,8.7,2.69,1014.7,2,1
29.1,65.3,13.1,4.01,1006.8,1,2
30.3,61.8,11.4,0.78,1014.9,0,1
7.2,70.9,22.2,0.13,1001.5,2,2
14.6,80.9,39.0,1.85,1019.2,0,2
10.0,65.0,5.2,1.43,1013.3,2,1
16.8,30.1,22.7,0.53,1010.2,1,1
21.3,35.8,11.0,2.62,999.4,2,1
10.4,74.7,31.6,4.47,1027.5,2,2
14.6,33.6,22.5,0.98,1005.7,1,1
14.0,24.7,4.0,1.0,1015.1,1,1
23.7,65.7,19.2,0.42,1005.4,2,0
22.6,46.2,15.2,1.05,1043.2,0,1
16.2,79.8,5.7,0.7,1014.2,0,0
23.4,62.3,11.2,0.43,1008.1,1,1
17.6,25.9,18.6,0.08,1017.8,0,0
19.8,81.6,11.4,0.35,1019.0,1,1
35.4,36.8,34.2,0.26,1016.2,2,2
32.7,41.9,15.1,0.94,1010.4,2,2
11.6,46.1,10.5,1.1,1016.5,0,1
28.6,23.3,19.4,1.13,1011.8,1,1
28.5,52.3,21.2,0.59,1012.8,0,1
12.8,28.0,31.8,0.66,1006.7,0,1
28.6,46.1,17.5,2.16,1001.3,2,1
34.3,42.8,20.6,0.78,1017.5,0,2
13.0,70.2,26.6,5.28,1017.9,2,2
14.7,72.2,8.7,0.69,1023.4,1,1
30.1,30.0,30.5,1.26,1013.4,0,1
24.2,43.8,5.9,0.06,1011.3,2,0
26.4,44.3,18.4,1.27,1001.7,0,1
24.7,29.8,18.7,2.29,1012.7,1,2
25.1,71.9,18.3,3.43,1015.9,0,1
11.4,66.0,5.4,7.11,998.4,0,2
30.4,32.4,0.8,0.4,1021.6,2,1
31.4,43.8,13.4,1.03,1007.3,1,1
20.2,26.9,21.7,0.72,1011.4,1,1
21.7,60.8,42.7,1.0,1017.8,1,2
9.8,27.9,21.9,0.21,1012.9,0,1
26.1,84.1,5.8,2.33,1024.2,2,1
26.6,70.7,14.0,2.88,1018.0,0,1
21.5,45.4,14.7,0.72,1011.8,0,0
31.0,57.6,38.7,0.39,988.0,0,2
19.3,79.2,22.4,0.18,1021.0,1,1
26.5,56.0,6.7,1.38,1003.6,2,1
13.8,31.3,10.7,0.45,1019.8,1,1
21.8,44.6,28.4,2.88,1016.9,0,1
20.6,74.8,19.5,1.33,1011.4,0,1
23.8,61.9,16.7,1.25,1020.6,2,1
19.0,62.3,14.0,0.98,1017.2,1,1
20.9,76.3,28.0,0.06,1015.6,0,1
28.6,78.1,12.3,3.22,999.3,0,1
18.5,79.8,10.3,1.19,1013.3,2,0
9.1,26.2,31.4,6.15,1003.1,0,2
36.0,55.4,0.8,0.92,1004.2,1,2
33.1,68.1,6.5,1.49,1010.1,1,1
11.7,69.2,9.0,0.07,1024.7,0,1
27.5,59.4,32.9,1.2,1015.9,0,1
18.0,30.8,18.8,1.74,1016.5,0,1
24.1,71.8,6.1,1.81,1019.2,2,1
24.4,66.8,5.7,1.76,1006.0,2,1
20.1,25.6,33.5,0.31,1000.4,1,2
15.7,50.1,5.7,4.45,999.0,1,2
16.5,31.3,10.0,6.4,1014.8,0,2
14.7,41.9,12.0,0.09,1020.9,0,0
15.3,21.2,24.1,3.31,1020.3,0,1
21.5,46.0,11.2,0.41,1006.4,2,0
16.3,55.7,4.8,1.4,1023.8,2,1
27.5,60.3,25.5,0.5,1029.3,0,1
33.9,63.1,25.2,4.12,1017.9,0,2
17.4,74.4,45.9,0.13,1024.9,1,2
23.9,34.0,20.1,0.83,1020.0,2,0
26.0,27.8,5.5,0.67,1011.2,0,0
25.8,75.3,44.5,0.47,1007.7,2,2
22.6,30.2,12.0,1.24,1000.1,0,1
27.9,83.4,29.7,0.17,1009.4,0,1
25.9,74.8,43.5,1.51,1011.1,1,2
12.1,52.6,17.7,4.73,1011.3,1,2
29.0,83.8,16.2,1.96,1012.1,1,1
29.1,26.3,20.1,2.36,994.7,0,2
15.9,39.7,22.9,0.53,1019.2,1,1
22.3,61.5,33.1,0.47,1020.2,0,1
27.5,42.8,14.5,0.87,1016.0,2,1
20.3,80.3,17.1,0.06,1003.6,2,0
30.6,24.3,10.9,3.49,1015.9,0,1
40.9,55.7,10.8,0.19,1013.2,1,2
15.7,58.4,7.9,2.8,1016.8,1,2
11.0,62.4,11.5,0.1,1025.4,2,1
24.4,36.6,7.1,2.08,1011.6,0,1
27.8,43.7,30.5,0.2,1014.5,0,1
20.2,74.8,26.1,0.05,1006.1,0,1
33.6,32.7,15.4,1.53,1020.4,2,2
11.3,73.7,19.7,0.39,1018.6,2,1
27.5,56.6,8.0,1.5,1014.7,1,1
17.2,69.5,16.1,0.97,1004.6,0,1
35.8,66.4,36.1,0.14,1007.5,0,2
37.9,33.5,35.3,3.23,998.3,0,2
15.9,57.0,46.5,0.72,1007.4,0,2
17.6,76.4,30.5,1.59,1018.7,2,1
28.9,48.1,21.0,0.83,1016.2,1,1
18.9,82.8,29.4,1.11,1014.3,2,1
21.6,49.4,5.9,0.43,1024.9,1,1
22.2,29.3,27.9,0.27,1015.4,0,1
6.6,45.3,31.2,0.94,1008.4,0,1
21.9,81.9,15.9,0.7,1007.4,0,0
16.5,40.8,17.3,0.59,1011.1,0,0
18.1,76.4,13.5,1.34,1009.4,0,1
33.5,77.3,15.5,1.41,1020.6,2,2
11.9,42.8,18.9,0.06,1016.4,1,1
28.5,25.4,20.3,0.5,1010.4,2,1
19.8,67.1,8.1,0.64,1010.7,0,0
19.8,40.2,9.4,0.12,1018.6,1,0
28.3,70.9,26.2,0.32,1021.1,1,1
24.7,48.8,21.7,0.06,998.3,0,0
26.6,51.5,8.7,6.7,1011.6,1,2
29.7,70.6,15.0,1.6,1013.7,2,1
19.3,44.9,50.9,0.11,1017.4,2,2
17.1,48.8,1.7,0.02,1013.9,2,0
13.3,44.5,0.8,1.52,1016.3,2,1
15.4,43.9,1.8,0.69,1011.1,1,1
45.6,54.2,64.1,1.85,1006.6,2,2
32.0,72.6,6.6,3.08,1019.3,1,2
11.2,43.5,12.9,1.1,1019.5,0,1
11.4,54.1,24.7,0.25,1018.2,2,1
25.9,63.6,23.5,1.83,1019.6,0,1
26.4,37.5,13.6,3.74,1005.2,2,1
26.4,38.0,41.5,1.04,1008.9,0,2
20.0,80.7,28.6,1.37,1022.0,0,1
21.0,67.0,9.8,0.49,1015.8,0,0
24.6,57.5,6.9,0.58,1013.4,0,0
22.7,62.1,18.6,1.59,1011.0,0,1
4.2,21.9,29.5,3.15,1023.1,1,2
20.2,60.2,51.7,1.19,998.8,1,2
15.2,53.1,21.0,1.87,1015.4,2,1
23.4,55.5,12.4,0.23,1012.5,1,1
45.9,43.4,39.1,0.29,1003.0,0,2
24.9,25.3,35.6,0.91,1025.9,1,2
19.5,32.6,28.4,0.23,991.5,1,2
29.4,81.8,5.6,1.21,1014.0,0,1
25.9,46.6,13.0,0.41,1017.2,1,1
25.4,50.3,14.3,1.88,1005.2,0,1
26.9,23.4,28.4,1.98,1015.2,1,1
38.5,22.4,2.6,0.75,1011.2,0,2
13.0,66.6,12.2,0.24,1020.9,2,1
25.8,55.0,16.9,1.25,1041.1,1,1
14.6,53.1,13.9,5.92,1015.7,2,2
26.4,35.8,48.1,1.17,1017.8,0,2
14.7,68.4,33.3,0.04,1005.2,0,1
18.7,30.9,33.2,0.02,1014.7,2,1
19.6,32.3,11.4,0.46,1010.0,0,0
29.8,49.9,19.0,0.26,1019.2,0,1
29.3,38.6,7.9,2.01,1001.6,0,1
12.0,36.1,8.1,2.24,1004.4,0,1
22.4,61.9,33.5,0.36,1022.4,0,1
16.3,62.3,29.7,0.47,1014.7,0,1
11.9,73.6,7.4,0.32,1023.6,0,1
20.3,47.2,18.1,2.87,1015.9,0,1
19.5,24.8,4.0,0.84,1017.1,2,0
41.4,37.8,24.4,1.28,1010.5,1,2
25.5,83.7,7.3,0.64,1011.5,0,0
11.0,58.8,18.1,1.2,1020.7,2,1
17.5,66.1,50.6,0.59,1011.9,0,2
30.2,20.5,6.4,0.5,1022.5,1,1
38.7,53.7,21.6,1.21,1012.1,0,2
9.3,22.4,16.2,1.07,1003.6,2,2
7.0,57.0,5.9,0.42,1002.8,2,2
37.0,79.9,9.2,0.19,1011.6,1,2
25.1,82.9,22.9,0.55,1020.3,0,1
15.1,55.1,14.2,0.64,1007.7,2,0
26.3,49.8,42.4,1.19,1018.9,1,2
0.9,81.4,23.7,2.95,1013.8,1,2
22.0,63.8,6.9,0.04,1017.8,0,0
24.6,24.2,30.6,0.34,1010.7,2,1
29.4,50.3,33.2,0.26,1014.5,0,1
13.9,35.6,20.5,0.84,1020.5,0,1
22.7,50.5,25.1,0.67,1012.9,0,1
14.6,49.6,20.3,1.57,1008.8,2,1
24.0,57.8,38.2,0.33,998.5,1,2
14.8,43.2,35.2,1.08,1017.3,0,1
18.7,30.7,4.0,2.58,1006.8,0,1
14.0,52.7,3.5,2.9,1008.8,2,1
27.2,74.0,14.4,3.83,1004.4,0,2
28.9,63.2,29.3,1.78,1011.2,1,1
20.1,42.0,37.3,2.84,1029.8,0,1
22.3,80.8,12.6,0.32,1015.8,1,1
10.4,79.3,14.1,0.26,1007.8,0,1
19.6,33.6,13.2,0.01,1009.3,0,0
21.6,22.6,15.7,1.47,1001.5,0,1
43.0,68.2,18.8,3.33,1004.0,1,2
13.1,73.8,11.5,0.25,1002.7,0,0
33.7,82.9,13.2,1.22,1015.2,0,2
30.0,77.8,22.1,1.65,1016.6,0,1
24.2,59.0,5.3,3.15,1013.6,1,2
36.1,54.5,53.9,1.25,1016.0,0,2
25.0,21.8,28.7,4.22,1006.9,2,2
25.1,36.0,41.1,0.51,1003.8,1,2
21.6,49.9,7.7,0.52,1003.8,2,0
31.8,60.9,10.2,0.94,1003.4,0,1
30.8,56.2,1.2,0.58,1015.9,1,1
17.0,68.3,17.3,0.0,1029.1,1,0
11.4,38.2,17.7,1.58,1004.6,0,1
20.4,56.7,20.5,1.67,1010.3,2,1
15.6,25.7,3.3,1.65,1014.6,1,1
21.5,46.9,16.3,0.51,1010.8,1,1
31.9,68.8,21.4,0.89,1015.7,1,1
18.3,65.1,23.8,0.54,1008.4,1,1
21.7,84.4,10.6,0.02,1007.6,1,0
22.5,38.1,59.2,0.99,1011.5,0,2
28.8,52.4,14.0,0.16,1015.6,1,1
4.0,41.4,18.7,0.1,1023.3,2,2
17.1,48.6,12.7,1.69,1016.0,1,1
23.7,75.7,10.7,0.01,1011.0,0,0
31.6,64.5,26.7,3.83,1019.6,0,2
18.1,77.4,3.4,0.87,1021.0,2,0
7.0,33.2,27.8,4.89,1010.6,1,2
27.0,76.8,18.3,0.07,1011.8,2,1
16.9,23.9,14.6,1.05,1009.6,2,0
12.5,77.8,5.6,0.52,1019.6,2,1
17.0,41.4,17.2,2.23,1013.6,2,1
20.5,40.4,26.5,0.54,1001.8,1,1
17.2,53.3,18.9,0.36,1016.2,0,0
4.4,81.1,15.9,2.34,1024.9,0,2
29.2,23.1,13.8,0.56,1025.5,1,1
32.2,42.9,11.7,0.02,1009.2,2,2
27.2,75.7,6.0,0.59,1007.4,1,1
12.9,45.7,26.1,1.28,1028.2,2,1
20.4,32.9,19.9,0.35,1025.5,2,0
21.9,47.6,27.3,0.68,1016.7,1,1
26.8,45.1,11.5,0.07,999.3,1,0
27.3,79.5,14.6,1.06,1008.1,2,1
16.1,69.5,5.7,1.69,1004.3,2,1
22.7,52.8,3.6,0.64,1027.5,2,0
25.7,84.2,17.9,0.65,1000.8,2,0
33.6,50.2,1.7,0.11,1027.4,1,1
27.6,23.8,21.5,0.27,1012.2,0,1
28.3,37.0,10.3,0.2,1003.4,0,1
22.7,48.3,66.1,0.79,1020.9,2,2
33.3,30.2,17.0,0.9,1018.0,0,2
25.3,81.6,25.2,3.57,1002.9,0,2
15.1,69.8,9.5,0.09,1012.8,0,0
33.2,37.4,36.4,1.1,1024.0,0,2
27.6,58.4,38.4,0.9,1009.7,0,2
18.5,66.9,32.5,0.87,1026.4,0,1
18.2,81.2,58.1,2.48,1007.0,2,2
24.4,77.3,6.4,0.28,1000.0,2,0
25.7,53.5,26.6,0.05,1013.4,2,0
23.6,70.4,8.7,1.34,1001.3,1,1
24.5,56.5,6.7,0.51,1014.0,0,0
35.6,55.9,16.3,0.02,1013.0,0,2
30.6,27.5,20.0,0.35,1006.9,1,1
23.5,28.2,15.4,0.44,1028.0,0,0
29.5,54.4,5.0,1.15,1013.0,2,1
13.7,37.5,17.6,0.23,1019.9,2,1
25.2,21.4,16.5,0.64,1020.4,1,1
36.5,67.0,6.9,0.79,1027.1,2,2
20.3,22.1,43.4,0.74,1003.3,1,2
15.2,58.7,54.6,4.38,998.9,2,2
16.8,55.0,18.4,0.06,1026.8,0,0
13.3,83.0,0.8,3.62,1017.6,2,1
15.7,51.5,16.6,1.05,1014.0,1,1
19.0,24.1,35.1,1.91,1011.9,0,1
10.8,55.9,16.9,0.68,1010.5,1,1
22.1,74.7,15.3,0.73,1019.9,0,0
29.2,84.8,26.9,2.54,1001.4,0,1
14.7,48.0,66.6,2.72,1016.8,2,2
34.2,40.8,21.4,0.33,1021.3,2,2
26.1,78.9,18.6,0.27,1018.9,0,0
30.2,32.4,40.5,0.82,1012.4,2,1
16.7,60.0,23.3,2.77,1013.0,2,1
28.8,46.4,50.3,0.47,1023.3,1,2
13.3,22.7,6.8,1.27,1017.7,2,1
29.1,42.6,6.9,1.48,1027.0,0,1
23.4,37.2,8.2,1.81,999.1,2,1
26.4,64.6,31.0,1.0,1020.3,0,1
12.6,81.7,21.5,0.62,1006.5,0,0
14.8,37.4,13.6,4.09,1012.4,1,2
26.8,72.7,21.6,1.13,1024.0,0,1
14.4,23.6,34.2,1.56,1005.0,0,1
25.7,55.0,13.1,0.51,1029.9,1,1
11.1,24.6,28.5,1.33,1021.8,0,1
28.8,80.7,11.8,0.36,1017.6,1,1
12.1,69.8,3.8,0.34,1005.5,0,0
26.4,62.8,16.9,1.51,1011.6,2,1
27.0,73.6,3.3,0.88,1010.1,1,1
16.4,62.1,12.9,1.38,1003.1,1,1
26.7,83.0,18.7,0.38,1021.8,0,0
24.1,66.4,8.2,1.1,1009.8,1,1
17.7,80.1,25.4,0.7,1011.6,0,1
13.9,53.6,13.9,1.09,1012.0,1,1
6.3,27.6,25.9,0.41,1011.3,1,2
24.8,54.3,16.5,1.51,1017.2,2,1
9.5,28.2,14.3,1.97,1008.0,0,1
22.8,58.5,8.3,0.36,1021.1,2,0
19.9,51.4,17.1,0.43,1008.2,1,1
27.4,60.5,18.8,1.3,1012.8,0,1
19.6,20.7,21.8,1.43,1002.5,2,1
19.4,32.7,20.3,1.46,1021.6,1,1
27.9,51.9,5.0,1.38,1023.6,2,1
24.7,81.8,33.2,0.6,1018.7,1,2
24.5,44.9,22.4,0.6,1014.4,1,1
25.8,47.6,17.5,0.35,1012.7,0,0
9.7,66.5,21.7,0.2,1000.5,0,1
28.1,59.2,24.7,1.42,1002.2,0,1
26.9,39.4,56.2,0.12,1019.0,1,2
13.9,46.7,10.6,3.33,1011.6,2,1
20.0,34.2,10.8,2.1,1002.1,0,1
21.7,82.8,6.4,2.34,1001.8,0,1
20.9,28.5,2.4,2.85,1018.1,0,1
24.7,44.2,22.8,0.63,1020.0,0,1
33.5,21.7,57.8,2.25,1000.7,1,2
30.7,34.4,13.4,0.21,1014.2,2,1
11.5,70.7,38.2,0.03,1016.1,1,2
27.0,33.1,13.6,1.84,1008.3,1,1
32.6,25.2,37.0,0.09,1022.9,1,2
25.1,50.8,21.5,5.36,1010.2,0,2
30.7,20.6,17.2,1.35,999.3,2,1
38.1,25.5,10.7,1.68,1011.4,1,2
30.2,72.5,17.9,0.34,1023.9,1,1
24.0,70.1,30.6,1.34,1010.2,1,1
30.4,79.5,9.5,0.05,1004.6,0,1
23.2,75.5,15.9,2.18,1018.0,0,1
22.2,64.4,19.6,0.22,1015.1,1,1
19.2,23.4,29.9,1.43,1013.0,0,1
34.5,70.9,18.3,0.31,1016.8,2,2
15.5,75.0,13.7,0.09,1007.5,0,0
34.3,71.9,20.6,0.79,1008.2,1,2
26.0,53.1,36.4,0.22,1018.8,2,1
10.8,35.1,23.3,1.57,1005.3,0,1
24.9,74.9,16.2,0.33,1025.9,1,1
5.2,67.3,17.6,0.5,1022.8,2,2
27.0,83.7,6.8,1.01,1003.8,2,1
29.1,30.1,28.2,0.4,1024.8,2,1
17.3,34.7,5.1,0.57,1014.2,0,0
23.0,33.8,12.0,2.03,1024.1,2,1
37.6,71.5,14.7,0.24,1014.1,0,2
18.0,32.1,12.0,0.1,1011.6,1,0
13.5,24.3,7.1,0.48,1010.7,0,0
33.9,84.9,9.7,0.66,993.4,0,2
37.7,21.6,4.8,0.94,1020.4,1,2
22.0,74.3,46.2,0.56,1007.3,0,2
30.1,43.7,10.9,1.87,1020.7,0,1
32.7,74.7,10.0,0.05,1026.4,1,1
16.1,56.1,57.6,0.68,1008.4,2,2
18.1,78.6,3.6,0.58,1007.9,1,1
31.8,80.2,25.2,1.25,1021.1,2,1
35.5,20.6,17.4,4.07,1009.3,0,2
26.5,24.9,7.2,0.86,1023.5,1,1
15.0,36.3,18.3,5.2,1007.5,2,2
37.9,63.5,51.2,0.43,1024.5,0,2
17.8,77.7,25.0,0.04,1010.6,0,1
19.3,49.9,22.7,0.22,1015.6,0,1
24.7,59.5,5.6,0.6,1020.9,2,0
34.4,32.3,8.4,0.46,1017.1,2,2
28.8,72.3,4.0,0.12,1021.6,2,1
25.3,82.9,17.8,0.68,1001.4,0,0
25.7,37.5,17.2,0.5,1009.7,2,0
22.3,52.2,8.4,0.16,1013.5,1,0
26.5,25.6,30.7,0.42,1006.9,2,1
1.8,56.3,5.2,2.61,1020.8,2,2
19.6,52.7,9.0,0.43,1008.9,0,0
23.9,29.4,18.2,1.5,1006.9,1,1
12.8,48.7,5.9,1.14,1020.5,1,1
25.1,41.7,13.1,0.67,1004.6,1,1
20.4,53.9,9.6,0.33,1005.0,2,0
36.0,58.1,20.3,0.55,1017.1,0,2
34.6,20.6,4.8,1.08,1023.8,2,2
18.3,69.5,1.9,0.52,1014.3,0,0
20.8,66.3,5.7,0.29,1000.1,1,1
21.4,43.8,31.0,0.15,1018.5,2,1
18.4,23.4,29.5,2.54,1008.3,0,1
23.6,69.1,7.5,0.7,1022.0,2,0
15.9,82.1,15.8,1.18,1010.0,0,1
13.0,35.6,16.9,0.81,1022.2,1,1
27.0,41.0,4.5,2.47,1009.7,2,1
27.0,31.9,9.8,0.95,1007.5,1,1
15.6,57.5,14.2,0.79,997.7,2,0
29.2,30.1,1.4,3.1,1007.7,2,1
16.9,43.2,18.2,1.53,1014.4,0,1
24.0,65.3,23.6,0.14,1013.8,0,1
28.6,56.4,19.6,0.23,1017.9,0,1
21.7,45.1,27.6,1.86,1023.0,1,1
25.6,47.3,22.8,2.17,1013.2,1,2
17.9,56.5,30.5,0.95,1013.5,2,1
20.4,20.4,2.1,0.97,1021.9,0,1
20.4,25.1,12.2,1.2,1014.8,1,1
16.0,77.3,6.8,0.69,1005.6,2,0
20.6,25.1,2.2,1.37,1008.8,1,1
9.6,65.9,14.9,0.14,996.0,2,2
18.1,79.8,31.7,3.9,1005.5,0,2
19.7,37.6,10.2,1.66,999.5,2,1
20.0,44.1,21.2,1.2,1015.8,2,0
20.1,57.0,38.4,0.46,1022.7,0,2
21.5,77.3,13.6,0.21,1005.5,0,0
25.8,81.2,34.3,0.63,1005.8,2,1
29.0,68.1,32.1,1.3,1020.5,1,2
16.8,25.6,20.8,1.21,1009.4,0,1
12.4,63.5,5.4,0.58,1015.1,2,1
13.7,46.7,2.1,1.14,1018.9,0,1
18.1,50.6,9.1,2.02,1007.3,0,1
19.2,23.2,11.6,0.03,1007.5,1,0
15.8,32.4,13.6,0.72,1008.9,0,0
11.6,71.4,25.5,1.71,1000.6,2,1
18.4,49.5,8.8,0.95,1016.9,2,0
23.5,39.6,25.9,1.26,1017.8,0,1
26.8,45.0,48.2,0.87,1013.6,0,2
17.5,75.5,14.5,5.78,1023.9,1,2
18.7,68.7,19.3,0.07,1010.9,1,1
14.6,37.7,46.2,0.81,1017.9,1,2
21.7,27.6,28.3,0.12,1016.9,2,1
15.2,36.4,9.0,0.21,1006.6,1,1
26.6,79.8,50.7,0.58,1022.2,2,2
7.7,57.8,19.0,0.2,1014.0,1,2
19.1,54.7,9.9,3.98,1020.8,2,1
24.4,58.8,3.3,3.52,1002.6,0,2
23.5,43.8,8.9,0.49,1013.9,2,0
43.5,72.5,18.4,1.23,1009.3,0,2
24.8,54.0,6.8,0.92,1006.2,2,0
14.0,27.6,7.8,2.03,1024.3,2,1
21.2,28.4,39.7,1.18,1014.6,0,2
7.8,54.9,19.2,0.0,1001.2,2,2
21.4,80.9,4.0,1.73,1009.0,2,1
15.3,40.0,26.8,1.65,1020.5,1,1
29.3,76.5,2.1,0.86,1006.2,0,1
17.6,69.7,18.4,2.8,1005.4,0,1
21.1,36.1,16.7,2.87,1011.8,1,2
16.9,22.4,66.8,0.89,1016.8,1,2
35.9,26.6,33.3,1.12,1007.2,0,2
19.4,67.4,16.0,6.79,1016.1,0,2
36.7,33.0,29.8,0.43,1013.3,0,2
28.5,44.1,2.3,0.47,1014.3,1,1
25.9,52.6,16.5,0.24,993.8,1,2
24.9,67.2,9.6,2.71,1013.1,2,1
25.2,27.4,18.0,1.64,1011.0,1,1
6.6,46.4,2.0,0.13,1016.1,2,2
19.8,51.5,26.2,4.81,1007.8,2,2
28.8,55.2,22.9,1.58,1010.0,1,1
21.6,73.2,34.1,2.28,1017.3,1,2
10.8,31.2,11.5,0.06,1024.6,1,1
21.6,72.5,26.9,0.84,1002.4,1,1
35.6,65.0,53.6,1.44,1017.1,0,2
32.0,56.1,13.0,0.94,1022.8,1,1
21.5,65.5,4.6,1.32,1018.6,2,1
29.6,46.8,25.8,2.04,1022.2,2,1
19.1,29.0,12.1,0.56,1008.7,0,0
8.4,63.3,6.5,2.27,1022.9,0,1
14.6,54.1,7.8,0.21,1007.2,1,1
34.5,61.6,4.0,0.38,1013.4,0,2
19.8,42.0,6.6,0.05,1009.0,1,0
20.1,78.9,21.7,0.54,1009.3,1,1
19.6,58.2,22.3,0.57,999.2,0,1
37.2,25.6,8.5,1.96,997.2,0,2
35.0,49.2,64.6,1.27,1022.4,2,2
39.8,69.2,17.8,0.69,998.6,0,2
20.7,71.6,20.7,1.27,1015.0,0,1
24.4,52.1,24.0,0.07,1002.6,0,1
9.9,78.2,8.9,0.24,1006.2,2,2
33.8,37.4,31.0,1.18,1018.5,1,1
12.7,46.7,3.4,1.23,1014.3,2,1
23.7,78.4,5.9,1.79,1012.0,0,1
13.2,78.3,9.0,0.62,1022.2,0,0
17.3,64.6,19.3,1.54,1010.7,0,1
15.3,75.8,5.0,1.38,1022.8,1,1
17.1,25.8,5.4,3.97,1004.4,2,1
17.7,76.2,42.7,0.29,1003.5,2,2
17.6,40.8,39.1,0.96,1011.9,1,2
28.7,31.6,4.7,1.1,1013.0,2,1
13.2,35.6,8.3,7.93,1006.1,1,2
23.8,47.2,15.7,0.27,1010.8,1,1
31.7,36.3,25.0,0.89,1023.9,2,1
17.9,40.8,11.3,0.51,1009.8,2,0
16.3,28.8,10.2,0.9,997.5,1,1
20.2,39.3,35.9,0.32,999.1,2,1
31.4,57.2,9.0,0.06,1029.7,1,1
23.6,48.7,12.9,1.02,1024.6,2,0
17.8,42.5,23.3,0.49,1009.5,2,0
25.9,68.5,24.0,0.24,1019.5,2,0
13.2,78.1,22.3,0.47,1015.1,2,1
27.5,69.2,21.3,0.06,1023.2,2,1
25.3,41.6,19.4,3.61,1004.4,0,2
19.5,68.4,13.6,1.04,1004.7,0,1
15.3,29.9,30.9,2.02,1023.6,2,1
14.9,28.5,24.9,0.66,1001.1,2,1
26.3,42.5,10.0,2.8,1013.6,2,1
31.8,72.5,13.1,0.79,1012.6,1,1
16.9,36.0,5.4,1.02,1019.3,0,1
25.7,24.1,11.2,0.81,1014.1,1,1
5.3,28.6,6.1,1.59,1011.9,0,2
17.3,75.8,31.5,1.0,1010.0,0,1
21.8,61.2,73.8,0.38,1005.0,2,2
14.7,36.5,5.6,0.19,1011.7,2,1
14.5,56.1,14.2,1.12,1022.3,1,1
16.7,54.3,12.5,0.81,1010.7,1,1
24.3,62.6,1.7,0.12,1024.3,2,0
20.5,35.2,9.3,0.6,1018.8,2,0
4.1,76.2,52.2,0.87,1016.8,0,2
5.0,40.1,18.3,2.1,1011.7,0,2
17.1,65.1,14.4,0.09,1008.0,2,0
25.7,21.0,6.1,0.51,1026.5,0,0
0.0,44.2,28.6,2.08,1019.3,1,2
18.0,42.9,10.8,1.25,1011.9,0,1
17.8,55.3,8.8,0.41,1026.6,2,0
33.1,24.7,26.6,2.24,1018.0,0,2
18.9,71.4,14.3,0.82,1001.6,2,0
25.1,34.2,7.0,0.83,1009.6,0,1
23.1,64.0,28.2,4.51,1018.8,1,2
5.0,72.2,17.9,3.53,1025.1,1,2
28.1,56.5,28.4,0.53,1031.9,2,1
23.7,68.2,14.9,0.18,1013.2,2,0
26.1,63.0,77.5,0.47,1017.9,2,2
53.4,43.1,3.3,0.04,1008.1,0,2
5.3,72.6,71.8,0.03,1005.9,0,2
35.8,39.2,10.0,0.6,999.5,0,2
19.7,57.1,3.5,3.4,1016.1,1,2
24.3,68.5,19.1,2.46,1023.1,2,1
21.6,44.6,35.7,0.86,1019.2,0,1
18.6,39.7,22.1,1.0,1013.7,1,1
17.4,49.9,2.7,0.01,1022.8,2,0
24.6,73.2,3.1,0.29,1036.6,1,1
9.9,80.4,3.8,0.03,1006.3,2,2
28.0,55.4,9.3,1.69,993.6,0,2
18.7,63.0,4.5,0.19,1015.7,1,0
13.0,78.7,13.1,2.44,1021.7,1,2
18.4,26.4,2.2,1.24,1000.6,1,1
32.1,35.1,13.8,0.31,1019.7,2,2
17.7,66.1,21.3,0.21,1010.3,2,0
24.9,73.5,35.7,1.19,1015.7,1,2
16.2,75.7,18.9,2.77,1005.6,2,1
28.1,47.0,41.0,1.52,1005.2,1,2
27.5,25.8,18.9,0.51,1004.2,0,1
36.8,48.5,5.2,1.06,1018.3,1,2
20.6,35.0,12.0,0.45,1008.0,1,1
27.3,38.9,8.8,8.48,1015.2,2,2
22.8,70.2,17.0,1.66,1013.2,2,1
32.4,24.9,1.6,1.14,1003.6,2,2
16.2,73.8,38.5,0.66,1013.6,0,2
28.0,47.8,25.8,1.16,1014.9,0,1
20.4,58.7,15.9,0.5,1021.5,0,0
21.5,25.8,74.9,0.04,1025.0,2,2
22.7,41.9,51.8,0.6,1004.8,1,2
24.0,25.8,24.1,3.2,1015.8,1,2
21.1,82.5,16.4,1.18,995.3,1,1
23.7,72.5,13.0,0.11,1019.8,2,0
34.6,49.9,12.2,2.6,1021.8,2,2
29.9,34.5,8.6,0.38,991.6,0,2
29.0,80.7,8.6,0.34,1010.3,2,1
18.4,42.4,15.2,0.42,1005.8,1,1
14.9,30.5,33.9,1.03,1010.3,0,1
29.6,56.6,15.1,0.94,1008.7,0,1
29.0,81.3,4.3,0.81,1012.7,2,1
33.8,20.2,12.5,1.52,1020.9,0,2
17.2,35.5,6.6,0.46,1010.5,0,0
20.2,81.0,45.4,1.83,1005.1,2,2
8.9,31.1,1.7,0.23,1011.4,0,1
18.9,27.4,16.2,1.83,1011.0,1,1
30.0,57.1,6.0,1.31,1012.3,2,1
18.3,76.0,13.0,1.38,1008.0,1,1
27.1,51.0,16.1,0.79,1015.9,1,1
20.5,84.6,29.6,1.32,1023.3,1,1
24.6,64.1,11.2,0.1,1002.8,1,0
12.8,24.8,15.7,2.29,1016.6,0,1
22.7,84.5,38.7,0.07,1020.7,0,2
-1.9,46.5,38.6,0.19,1009.5,2,2
20.5,38.7,63.0,1.03,1023.0,2,2
9.0,56.3,7.1,1.61,1012.5,1,1
31.6,39.8,63.7,0.1,1004.0,1,2
28.2,25.6,12.4,3.04,1002.8,2,1
25.7,20.1,44.4,4.36,1019.3,2,2
34.2,49.2,28.7,1.12,1018.5,2,2
14.4,74.4,10.7,0.79,1025.5,2,1
36.0,57.2,55.3,1.62,1018.4,1,2
29.5,84.9,41.2,0.48,1012.2,2,1
20.1,38.6,5.0,0.82,1016.9,0,1
31.1,38.2,11.5,2.97,1013.6,1,2
13.1,30.4,26.0,3.74,1010.3,0,2
15.4,30.7,4.2,3.14,1008.6,2,1
17.1,38.5,14.8,0.37,999.2,0,0
17.8,71.5,33.9,0.32,1007.1,2,1
13.5,78.9,14.7,0.42,1012.8,0,0
31.8,83.4,18.9,0.7,991.4,1,2
19.9,35.1,32.1,0.45,1008.9,0,1
24.8,77.3,22.2,0.56,1020.4,1,1
17.4,41.3,14.7,1.16,1023.7,0,1
7.4,27.3,43.9,1.73,1008.8,0,2
24.2,76.6,17.5,1.6,1008.5,1,1
6.7,61.3,16.1,2.02,1007.2,1,2
21.5,30.7,43.4,0.04,1008.5,2,2
11.1,47.9,22.8,0.06,1022.1,1,1
37.9,38.7,6.2,1.87,1026.0,1,2
29.3,67.9,7.0,0.91,999.5,2,1
22.8,49.5,8.8,1.04,1006.5,1,1
32.1,84.3,33.2,0.06,998.1,1,2
15.2,23.6,30.7,0.35,1012.8,0,1
26.3,43.1,18.6,1.22,1009.1,2,1
23.6,51.3,7.1,2.35,1015.9,2,1
24.1,52.7,12.1,2.99,1018.3,0,1
32.2,40.5,40.4,0.83,1017.4,2,2
27.9,67.4,14.4,0.95,999.8,0,1
24.3,76.9,13.9,2.15,1012.8,1,2
8.8,81.0,9.4,0.93,999.4,2,2
14.3,72.3,33.9,0.87,1026.9,1,2
21.0,75.3,8.3,2.83,1010.2,2,1
22.7,55.8,27.8,1.87,1002.1,1,1
13.0,73.7,10.8,2.88,1008.6,2,1
41.3,39.7,24.2,0.3,1014.7,2,2
34.1,45.9,20.0,0.89,1018.9,1,2
26.8,40.6,15.4,2.22,1023.4,0,1
22.6,50.4,12.5,0.14,1013.5,2,0
20.3,38.6,21.6,1.9,1010.3,0,1
14.4,82.5,19.9,0.24,1018.5,0,0
22.6,40.3,9.8,1.98,1018.3,0,1
24.1,26.4,36.6,1.14,1014.0,0,1
12.1,54.2,31.2,0.26,1019.5,0,1
24.7,23.7,7.2,0.77,1008.1,0,0
20.8,27.2,8.0,1.37,1012.8,2,1
